cpb-aacip-55-19s1sc16.h264__2145.0_2155.0,2,1,Male
cpb-aacip-29-6663z15p.h264__121.0_131.0,3,1,Male
cpb-aacip-235-12z35scw.h264__212.0_222.0,3,1,Male
cpb-aacip-500-7s7hv789__149.0_159.0,2,1,Male
cpb-aacip-41-72p5hz84.h264__733.0_743.0,2,1,Noise
cpb-aacip-15-4j09w0904c__200202A21A_.h264__27.0_37.0,4,1,Male with crowd noise
cpb-aacip-15-8p5v698f3z__21475-2009_04_02_.h264__577.0_587.0,4,1,Male
cpb-aacip-43-x921c1v32g__10376128___105.0_115.0,1,1,Male
cpb-aacip-225-66vx0s8z.h264__1006.0_1016.0,3,1,Male with crowd noise
cpb-aacip-15-257d85kh.h264__167.0_177.0,2,1,Male
cpb-aacip-62-c53dz03c2w__netnola_dydn_10_doc_.h264__543.0_553.0,4,1,Male
cpb-aacip-120-98z8wq1j.h264__958.0_968.0,1,1,Music
cpb-aacip-259-rb6w0x07.h264__2360.0_2370.0,2,1,Silence
cpb-aacip-55-5q4rj4918k__cpb-aacip-55-53wsvn6h.mpeg2_.h264__3056.0_3066.0,0,1,Music
cpb-aacip-15-xs5j960p6d__barcode49733_clip2_.h264__637.0_647.0,2,1,Male
cpb-aacip-500-7659hj6r__3183.0_3193.0,0.0,1.0,"Male"
cpb-aacip-41-81wdcf9w.h264__842.0_852.0,0.0,1.0,"Silence"
cpb-aacip-75-87pnwb55.h264__204.0_214.0,3.0,1.0,"Male"
cpb-aacip-55-348gf0n33q__cpb-aacip-55-75r7tm2w.mpeg2_.h264__1354.0_1364.0,0.0,1.0,"Cow"
cpb-aacip-15-k649p2wd9w__barcode50391_.h264__435.0_445.0,3.0,1.0,"Silence"
cpb-aacip-15-k649p2wd9w__barcode50391_.h264__435.0_445.0,3.0,1.0,"Silence"
cpb-aacip-55-579s5g8w.h264__1281.0_1291.0,1.0,1.0,"Female"
cpb-aacip-15-vt1gh9bn6h__barcode50295_.h264__188.0_198.0,1.0,1.0,"Male"
cpb-aacip-15-sf2m61c05t__barcode106333_.h264__342.0_352.0,1.0,1.0,"Male"
cpb-aacip-75-45q83j16.h264__1132.0_1142.0,2.0,1.0,"Female"
cpb-aacip-83-257d84n2.h264__346.0_356.0,1.0,1.0,"Silence"
cpb-aacip-259-2n4zkf08.h264__1013.0_1023.0,4.0,1.0,"Male"
cpb-aacip-29-72p5hzkw.h264__259.0_269.0,1.0,1.0,"Male"
cpb-aacip-259-319s4s65.h264__657.0_667.0,0.0,1.0,"Female"
cpb-aacip-500-hh6c6k46__1012.0_1022.0,2.0,1.0,"Male"
cpb-aacip-245-30bvqdm9.h264__504.0_514.0,1.0,1.0,"Silence"
cpb-aacip-15-59c5bcfj__3151.0_3161.0,1.0,1.0,"Music"
cpb-aacip-259-599z3543.h264__1165.0_1175.0,0.0,1.0,"Silence"
cpb-aacip-259-np1whp2x.h264__318.0_328.0,0.0,1.0,"Male"
cpb-aacip-15-25x69xzn__33.0_43.0,2.0,1.0,"Male"
cpb-aacip-16-000000082t__focus031103b___1485.0_1495.0,4.0,1.0,"Male"
cpb-aacip-83-182jmfz1.h264__93.0_103.0,4.0,1.0,"Silence"
cpb-aacip-80-60cvfbbt__5801.0_5811.0,1.0,1.0,"Male"
cpb-aacip-80-60cvfbbt__5801.0_5811.0,1.0,1.0,"Male"
cpb-aacip-15-183416t27c__barcode334930_15_.h264__17.0_27.0,0.0,1.0,"Silence"
cpb-aacip-15-000000024s__echo07_vid_raven_.h264__21.0_31.0,3.0,1.0,"Male with crowd noise"
cpb-aacip-15-6w96688m8t__barcode339905_.h264__187.0_197.0,4.0,1.0,"Male with crowd noise"
cpb-aacip-15-53wsv20q.h264__1115.0_1125.0,2.0,1.0,"Male"
cpb-aacip-151-1c1td9nh2g__fma-2-62453-int-20120620_.h264__871.0_881.0,3.0,1.0,"Not Sure"
cpb-aacip-43-61djhwmk__1740.0_1750.0,0.0,1.0,"Male"
cpb-aacip-15-zg6g15tr81__200503A30A_.h264__147.0_157.0,4.0,1.0,"Male with crowd noise"
cpb-aacip-41-91fj74v6.h264__1102.0_1112.0,4.0,1.0,"Silence"
cpb-aacip-75-78gf254h.h264__247.0_257.0,4.0,1.0,"Music"
cpb-aacip-359-63fxpzmg.h264__263.0_273.0,1.0,1.0,"Male"
cpb-aacip-120-54xgxn34.h264__1586.0_1596.0,3.0,1.0,"Female"
cpb-aacip-43-w37kp7v837__10376886___80.0_90.0,2.0,1.0,"Female"
cpb-aacip-160-57np5qjv.h264__2885.0_2895.0,1.0,1.0,"Music"
cpb-aacip-43-0r9m32nd59__10401735___12.97_22.97,0.0,1.0,"Female"
cpb-aacip-15-833mw28f4x__barcode339660_.h264__246.0_256.0,1.0,1.0,"Male"
cpb-aacip-138-22v41tgg__127.0_137.0,3.0,1.0,"Male"
cpb-aacip-309-55m90bpp__MJ_Torrance_03-19-02__99.0_109.0,3.0,1.0,"Music"
cpb-aacip-77-79h45p5h.h264__426.0_436.0,2.0,1.0,"Male"
cpb-aacip-41-83kwhgtn.h264__1259.0_1269.0,1.0,1.0,"Male"
cpb-aacip-15-2683bts4__1535.0_1545.0,1.0,1.0,"Male"
cpb-aacip-221-45q83mm6.h264__1189.0_1199.0,3.0,1.0,"Male"
cpb-aacip-80-58bg7vns__4582.0_4592.0,1.0,1.0,"Male"
cpb-aacip-17-4298tcpf.h264__1435.0_1445.0,4.0,1.0,"Male"
cpb-aacip-81-62s4n2s1.h264__1002.0_1012.0,1.0,1.0,"Music"
cpb-aacip-359-92g79rdz.h264__1625.0_1635.0,0.0,1.0,"Male"
cpb-aacip-15-82x3fvsz__1314.0_1324.0,1.0,1.0,"Silence"
cpb-aacip-15-sx6445j602__IHUB-A___1462.0_1472.0,4.0,1.0,"Male"
cpb-aacip-37-902z3g9s.h264__1314.0_1324.0,3.0,1.0,"Male"
cpb-aacip-151-cn6xw4893p__fma_2_5430_1_1_pres_20100303_.h264__2685.0_2695.0,4.0,1.0,"Male"
cpb-aacip-55-h707w67m1n__cpb-aacip-55-03228r91.mpeg2_.h264__1420.0_1430.0,2.0,1.0,"Female"
cpb-aacip-41-720cgmfw.h264__856.0_866.0,3.0,1.0,"Music"
cpb-aacip-41-720cgmfw.h264__856.0_866.0,3.0,1.0,"Music"
cpb-aacip-15-708w9x2s.h264__727.0_737.0,3.0,1.0,"Multiple Speakers"
cpb-aacip-55-52w3s18m.h264__849.0_859.0,0.0,1.0,"Multiple Speakers"
cpb-aacip-55-655dw1kd.h264__1509.0_1519.0,0.0,1.0,"Male"
cpb-aacip-29-2z12n4zs26__WCWW2-030_.h264__987.0_997.0,2.0,1.0,"Male"
cpb-aacip-55-57np69ff.h264__2924.0_2934.0,4.0,1.0,"Music"
cpb-aacip-41-58bg7gx0.h264__830.0_840.0,2.0,1.0,"Male"
cpb-aacip-60-483j9qk3.h264__1033.0_1043.0,1.0,1.0,"Male"
cpb-aacip-309-19s1rq11__1431__27.911_37.911,1.0,1.0,"Music"
cpb-aacip-114-51hhmn7f.h264__535.0_545.0,4.0,1.0,"Male"
cpb-aacip-15-jd4pk0766p__26453-2010_11_29-RAW_.h264__1495.0_1505.0,0.0,1.0,"Multiple Speakers"
cpb-aacip-151-qv3bz61w1x__fma_2_1619_4_1_pres_20090209__431.0_441.0,0.0,1.0,"Noise"
cpb-aacip-259-7d2q7g47.h264__1065.0_1075.0,2.0,1.0,"Silence"
cpb-aacip-55-719kf32v.h264__372.0_382.0,4.0,1.0,"Multiple Speakers"
cpb-aacip-15-nz80k26p0q__BTP_20091030_weekly_.h264__646.0_656.0,0.0,1.0,"Female"
cpb-aacip-322-19f4qtrb.h264__658.0_668.0,0.0,1.0,"Female"
cpb-aacip-15-g73707wx68__barcode18828_.h264__736.0_746.0,3.0,1.0,"Noise"
cpb-aacip-77-11kh29nm.h264__641.0_651.0,4.0,1.0,"Female"
cpb-aacip-37-47dr81fb.h264__1430.0_1440.0,1.0,1.0,"Male"
cpb-aacip-15-cj87h1dr76__barcode301178-2_.h264__1132.0_1142.0,1.0,1.0,"Male"
cpb-aacip-41-50tqk3j3.h264__1284.0_1294.0,0.0,1.0,"Male"
cpb-aacip-500-s46h5m2t__1236.0_1246.0,4.0,1.0,"Male"
cpb-aacip-17-9351d7j7.h264__296.0_306.0,0.0,1.0,"Male"
cpb-aacip-259-5x25df4n.h264__574.0_584.0,3.0,1.0,"Male"
cpb-aacip-28-ws8hd7pb51__PRA_AAPP_BC0004B_George_Jackson_part_2___406.0_416.0,4.0,1.0,"Male with crowd noise"
cpb-aacip-398-74qjqc7k.h264__1763.0_1773.0,4.0,1.0,"Male"
cpb-aacip-15-xg9f47h59j__barcode339653_.h264__921.0_931.0,0.0,1.0,"Male"
cpb-aacip-77-752fs34w.h264__681.0_691.0,1.0,1.0,"Music"
cpb-aacip-309-6663z0b6__Cougar-2__40.0_50.0,1.0,1.0,"Female"
cpb-aacip-15-6h4cn6z17w__CBS176-991_.h264__85.0_95.0,1.0,1.0,"Male"
cpb-aacip-259-542j960n.h264__662.0_672.0,3.0,1.0,"Male"
cpb-aacip-15-pz51g0j573__23470-2010_01_11_.h264__1327.0_1337.0,4.0,1.0,"Male"
cpb-aacip-43-4b2x34mw4v__10253035___63.0_73.0,2.0,1.0,"Male"
cpb-aacip-259-2z12qk5q.h264__761.0_771.0,3.0,1.0,"Female"
cpb-aacip-259-7d2q7g47.h264__1065.0_1075.0,4.0,1.0,"Sped-up tape"
cpb-aacip-129-848pkctf.h264__130.0_140.0,4.0,1.0,"Female"
cpb-aacip-398-18rbp222.h264__43.785_53.785,2.0,1.0,"Male"
cpb-aacip-15-rv0cv4c444__22900-2009_11_16_.h264__2385.0_2395.0,4.0,1.0,"Male"
cpb-aacip-293-4q7qn5zh4n__HUT00000042001_.h264__1676.0_1686.0,3.0,1.0,"Music"
cpb-aacip-235-42n5v9dk.h264__1332.0_1342.0,4.0,1.0,"Music"
cpb-aacip-15-902z3mvv__866.0_876.0,4.0,1.0,"Male"
cpb-aacip-60-06g1k0cg.h264__912.0_922.0,1.0,1.0,"Male"
cpb-aacip-204-07tmpgv5__1595.0_1605.0,2.0,1.0,"Music"
cpb-aacip-17-02q57zkw.h264__519.0_529.0,0.0,1.0,"Multiple Speakers"
cpb-aacip-16-1j97659p7z__focus900223a___859.0_869.0,1.0,1.0,"Male"
cpb-aacip-296-86b2rm78.h264__876.0_886.0,1.0,1.0,"Music"
cpb-aacip-15-074tmwzh__367.0_377.0,0.0,1.0,"Music"
cpb-aacip-16-4m91834d11__focus040521b___2661.0_2671.0,4.0,1.0,"Male"
cpb-aacip-43-zk55d8p20f__10377228___476.0_486.0,0.0,1.0,"Male"
cpb-aacip-41-18dfn4td.h264__241.0_251.0,1.0,1.0,"Female"
cpb-aacip-259-b27prp2c.h264__1193.0_1203.0,1.0,1.0,"Male"
cpb-aacip-304-25x69rz8__3362.0_3372.0,3.0,1.0,"Music"
cpb-aacip-245-10wpzk3q.h264__70.0_80.0,0.0,1.0,"Silence"
cpb-aacip-41-7312jzvr.h264__1961.0_1971.0,4.0,1.0,"Male"
cpb-aacip-127-96wwq9zk.h264__2154.0_2164.0,3.0,1.0,"Noise"
cpb-aacip-309-74cnpd2q__In_the_Limelight__16.0_26.0,4.0,1.0,"Female"
cpb-aacip-15-11kh1hxb__2409.0_2419.0,0.0,1.0,"Music"
cpb-aacip-15-513tt4fv0v__orlando_hour_2_jackie_class_.h264__5.0_15.0,0.0,1.0,"Female"
cpb-aacip-394-773txj2m.h264__748.0_758.0,3.0,1.0,"Male with car noise"
cpb-aacip-394-1289331z.h264__625.0_635.0,4.0,1.0,"Male"
cpb-aacip-153-21ghx5sb.h264__94.0_104.0,2.0,1.0,"Music"
cpb-aacip-398-06g1jz36.h264__280.0_290.0,1.0,1.0,"Music"
cpb-aacip-16-t43hx16908__focus031212b___1513.0_1523.0,4.0,1.0,"Female"
cpb-aacip-55-04rjf5dt.h264__661.0_671.0,2.0,1.0,"Male"
cpb-aacip-75-612ngrxr.h264__54.0_64.0,3.0,1.0,"Multiple Speakers"
cpb-aacip-75-92t4bt41.h264__1635.0_1645.0,3.0,1.0,"Female"
cpb-aacip-15-q52f766g70__Theodore_Sorensen2_Interview_.h264__154.0_164.0,4.0,1.0,"Male"
cpb-aacip-235-24wh80q4.h264__1376.0_1386.0,0.0,1.0,"Female"
cpb-aacip-43-kw57d2qp2j__10354812___20.932_30.932,1.0,1.0,"Female"
cpb-aacip-77-31cjv0tp.h264__1032.0_1042.0,2.0,1.0,"Female"
cpb-aacip-138-26xwdj74__49.0_59.0,3.0,1.0,"Noise"
cpb-aacip-88-19f4qt9m.h264__673.0_683.0,3.0,1.0,"Multiple Speakers"
cpb-aacip-41-95j9kt3z.h264__74.0_84.0,1.0,1.0,"Female"
cpb-aacip-15-cf9j38kp8p__barcode340347_.h264__1169.0_1179.0,0.0,1.0,"Male"
cpb-aacip-41-00ns1x1j.h264__2163.0_2173.0,1.0,1.0,"Music"
cpb-aacip-60-22h70vh1.h264__1338.0_1348.0,4.0,1.0,"Male"
cpb-aacip-120-8605qsxk.h264__1225.0_1235.0,0.0,1.0,"Multiple Speakers"
cpb-aacip-309-687h4br6__5125PR__11.0_21.0,0.0,1.0,"Music"
cpb-aacip-22-106wwqvd.h264__643.0_653.0,3.0,1.0,"Male"
cpb-aacip-15-542j678w97__27381-2011_01_19_.h264__789.0_799.0,1.0,1.0,"Female"
cpb-aacip-384-76rxwnt0.h264__2814.0_2824.0,4.0,1.0,"Music"
cpb-aacip-27-qv3bz61s41__WYSO_UN_5___448.0_458.0,1.0,1.0,"Female"
cpb-aacip-41-39x0khh9.h264__12.0_22.0,0.0,1.0,"Silence"
cpb-aacip-75-72p5j054.h264__358.0_368.0,4.0,1.0,"Male"
cpb-aacip-217-96wwq819.h264__1276.0_1286.0,0.0,1.0,"Male"
cpb-aacip-75-49g4ff20.h264__750.0_760.0,3.0,1.0,"Female"
cpb-aacip-17-50tqkmnb.h264__1719.0_1729.0,4.0,1.0,"Music"
cpb-aacip-41-81wdcf9w.h264__795.0_805.0,3.0,1.0,"Silence"
cpb-aacip-55-348gf0n33q__cpb-aacip-55-75r7tm2w.mpeg2_.h264__579.0_589.0,2.0,1.0,"Male"
cpb-aacip-398-54xgxmn8.h264__923.0_933.0,4.0,1.0,"Noise"
cpb-aacip-500-gb1xj478__534.0_544.0,1.0,1.0,"Male"
cpb-aacip-500-gb1xj478__534.0_544.0,1.0,1.0,"Male"
cpb-aacip-41-4302vc2b.h264__1382.0_1392.0,4.0,1.0,"Male"
cpb-aacip-500-c824g721__569.0_579.0,0.0,1.0,"Male"
cpb-aacip-15-90k26b35__112462_.h264__25.0_35.0,0.0,1.0,"Test tone"
cpb-aacip-245-300zpg72.h264__172.0_182.0,3.0,1.0,"Silence"
cpb-aacip-129-91fj73d0.h264__3.0_13.0,2.0,1.0,"Silence"
cpb-aacip-309-19s1rq11__1431__13.0_23.0,2.0,1.0,"Music"
cpb-aacip-111-38jdfvgk.h264__495.0_505.0,3.0,1.0,"Music"
cpb-aacip-27-w08w95153f__WYSO_PA_153B___694.0_704.0,3.0,1.0,"Male"
cpb-aacip-27-rb6vx06j48__WYSO_PA_94___155.0_165.0,1.0,1.0,"Male"
cpb-aacip-259-3x83n49g.h264__1122.0_1132.0,0.0,1.0,"Male"
cpb-aacip-15-19s1rx1j.h264__320.0_330.0,2.0,1.0,"Male"
cpb-aacip-503-st7dr2q195__NHPR95125__986.0_996.0,4.0,1.0,"Male"
cpb-aacip-254-214mw8fb.h264__171.0_181.0,3.0,1.0,"Male"
cpb-aacip-189-45cc2m3c.h264__728.0_738.0,2.0,1.0,"Female"
cpb-aacip-153-20fttk52.h264__19.0_29.0,0.0,1.0,"Silence"
cpb-aacip-15-sb3ws8j85m__20101124CCS___3045.0_3055.0,4.0,1.0,"Male"
cpb-aacip-221-870vthfp.h264__969.0_979.0,3.0,1.0,"Male"
cpb-aacip-426-39k3jfd5.h264__1727.0_1737.0,4.0,1.0,"Male with crowd noise"
cpb-aacip-129-95w6mq4f.h264__620.0_630.0,0.0,1.0,"Music"
cpb-aacip-245-10jsxnm9.h264__3138.0_3148.0,3.0,1.0,"Silence"
cpb-aacip-151-183416tb3b__fma-2-60776-pres-20120123__663.0_673.0,3.0,1.0,"Female"
cpb-aacip-41-8279d85r.h264__330.0_340.0,3.0,1.0,"Male"
cpb-aacip-41-50tqk3j3.h264__1284.0_1294.0,0.0,1.0,"Male"
cpb-aacip-15-9351cnnq.h264__222.0_232.0,2.0,1.0,"Multiple Speakers"
cpb-aacip-86-000000j6.h264__6.0_16.0,4.0,1.0,"Female"
cpb-aacip-127-65h9w88k.h264__735.0_745.0,0.0,1.0,"Male"
cpb-aacip-277-nv9959cm3t.h264__1336.0_1346.0,0.0,1.0,"Male"
cpb-aacip-15-542j67904r__osi04_vid_guinier3_.h264__1487.0_1497.0,0.0,1.0,"Male"
cpb-aacip-15-73bzkx9d__2974.0_2984.0,0.0,1.0,"Music"
cpb-aacip-55-16pzhdxf.h264__1530.0_1540.0,4.0,1.0,"Music"
cpb-aacip-131-49g4f942.h264__1643.0_1653.0,1.0,1.0,"Silence"
cpb-aacip-15-042rbwb9__658.0_668.0,2.0,1.0,"Female"
cpb-aacip-83-150gbdtt.h264__314.0_324.0,2.0,1.0,"Music"
cpb-aacip-55-15bccvws.h264__106.0_116.0,1.0,1.0,"Music"
cpb-aacip-16-ht2g737j5s__focus050630a___11.0_21.0,3.0,1.0,"Male"
cpb-aacip-55-k93125qs50__cpb-aacip-55-64thv44h.mpeg2_.h264__3472.0_3482.0,4.0,1.0,"Music"
cpb-aacip-221-15p8d534.h264__537.0_547.0,3.0,1.0,"Music"
cpb-aacip-15-36547r0h.h264__1343.0_1353.0,2.0,1.0,"Male"
cpb-aacip-15-3x83j3951f__nasa11_vid_cmn3_.h264__233.0_243.0,3.0,1.0,"Male"
cpb-aacip-221-52w3rc88.h264__1216.0_1226.0,2.0,1.0,"Male"
cpb-aacip-15-pg1hh6cd7s__barcode109104_.h264__542.0_552.0,2.0,1.0,"Noise"
cpb-aacip-15-fx73t9dd1z__tdc02_vid_genecontrl_.h264__95.0_105.0,1.0,1.0,"Female"
cpb-aacip-77-50gtjz0p.h264__931.0_941.0,2.0,1.0,"Female"
cpb-aacip-15-03cz934f__592.0_602.0,4.0,1.0,"Male"
cpb-aacip-114-580k6ktt.h264__472.0_482.0,0.0,1.0,"Female"
cpb-aacip-77-752fs37z.h264__559.0_569.0,4.0,1.0,"Music"
cpb-aacip-75-31cjt52b.h264__1272.0_1282.0,1.0,1.0,"Male"
cpb-aacip-138-26xwdj74__49.0_59.0,1.0,1.0,"Female"
cpb-aacip-77-77sn1861.h264__1269.0_1279.0,2.0,1.0,"Male"
cpb-aacip-15-8s4jm23k3b__barcode50089_.h264__141.0_151.0,3.0,1.0,"Male"
cpb-aacip-151-g44hm53373__fma-2-71341-pres-20130503_.h264__242.0_252.0,2.0,1.0,"Male"
cpb-aacip-81-945qg4fv.h264__8.0_18.0,2.0,1.0,"Multiple Speakers"
cpb-aacip-55-11kh20j2.h264__4632.0_4642.0,2.0,1.0,"Male"
cpb-aacip-15-154dn3zw08__23843-2010_02_24_.h264__3815.0_3825.0,1.0,1.0,"Male"
cpb-aacip-55-v40js9hr9n__cpb-aacip-55-07gqp6rs.mpeg2_.h264__1478.0_1488.0,3.0,1.0,"Male"
cpb-aacip-86-78gf24fv.h264__941.0_951.0,1.0,1.0,"Silence"
cpb-aacip-15-rr1pg1j03j__200803A15A_.h264__80.0_90.0,2.0,1.0,"Male"
cpb-aacip-41-86nzsp91.h264__62.0_72.0,2.0,1.0,"Male"
cpb-aacip-41-27mpg9x1.h264__1332.0_1342.0,2.0,1.0,"Music"
cpb-aacip-17-35t77d16.h264__553.0_563.0,3.0,1.0,"Female"
cpb-aacip-259-w6695z90.h264__457.0_467.0,3.0,1.0,"Silence"
cpb-aacip-129-902z3j8w.h264__598.0_608.0,2.0,1.0,"Female"
cpb-aacip-77-83kwjcrj.h264__962.0_972.0,2.0,1.0,"Male"
cpb-aacip-189-27zkh40t.h264__188.0_198.0,3.0,1.0,"Male"
cpb-aacip-75-63fxpvfk.h264__641.0_651.0,0.0,1.0,"Noise"
cpb-aacip-160-483j9qjn.h264__1233.0_1243.0,4.0,1.0,"Music"
cpb-aacip-77-10wq0gg5.h264__803.0_813.0,0.0,1.0,"Male"
cpb-aacip-259-5x25df4n.h264__1895.0_1905.0,1.0,1.0,"Crowd noise"
cpb-aacip-500-wd3q119g__763.0_773.0,2.0,1.0,"Music"
cpb-aacip-41-80vq8bw0.h264__700.0_710.0,4.0,1.0,"Multiple Speakers"
cpb-aacip-41-44pk113x.h264__3263.0_3273.0,2.0,1.0,"Male"
cpb-aacip-384-6341p0gv.h264__872.806_882.806,4.0,1.0,"Female"
cpb-aacip-500-dn3zx87w__1132.0_1142.0,2.0,1.0,"Music"
cpb-aacip-41-472v7gx1.h264__888.0_898.0,4.0,1.0,"Male"
cpb-aacip-41-36547hrk.h264__1702.0_1712.0,3.0,1.0,"Male"
cpb-aacip-151-513tt4g35k__fma-2-67454-pres-20130218__377.0_387.0,1.0,1.0,"Male"
cpb-aacip-500-5t3g2h9p__1646.0_1656.0,1.0,1.0,"Male"
cpb-aacip-398-02c86b87.h264__614.0_624.0,2.0,1.0,"Noise"
cpb-aacip-86-73pvmmsm.h264__711.0_721.0,1.0,1.0,"Silence"
cpb-aacip-17-75r7tqsn.h264__854.0_864.0,2.0,1.0,"Male"
cpb-aacip-41-88cfxzp5.h264__1666.0_1676.0,4.0,1.0,"Music"
cpb-aacip-259-cz325c40.h264__344.0_354.0,4.0,1.0,"Noise"
cpb-aacip-345-90rr56km__1226.0_1236.0,4.0,1.0,"Female"
cpb-aacip-120-10wpzm27.h264__201.0_211.0,1.0,1.0,"Male"
cpb-aacip-23-32r4xkwf.h264__1427.0_1437.0,0.0,1.0,"Female"
cpb-aacip-398-644qrqj8.h264__805.0_815.0,4.0,1.0,"Male"
cpb-aacip-197-72b8h473.h264__2122.0_2132.0,2.0,1.0,"Male with crowd noise"
cpb-aacip-56-042rbpnh.h264__236.0_246.0,0.0,1.0,"Silence"
cpb-aacip-29-71ngf9pg.h264__1474.0_1484.0,4.0,1.0,"Male"
cpb-aacip-15-91sf83tr__25.295_35.295,3.0,1.0,"Male"
cpb-aacip-500-vd6p458q__359.0_369.0,2.0,1.0,"Male"
cpb-aacip-41-25x6b45t.h264__14.0_24.0,2.0,1.0,"Silence"
cpb-aacip-75-676t203k.h264__2021.0_2031.0,3.0,1.0,"Male"
cpb-aacip-55-31cjtr0b.h264__655.0_665.0,4.0,1.0,"Male"
cpb-aacip-29-n872v2ct1h__WCHFT019_.h264__1034.0_1044.0,3.0,1.0,"Male"
cpb-aacip-309-07gqnm5d__1724__7.0_17.0,0.0,1.0,"Female"
cpb-aacip-298-009w0vvg.h264__228.0_238.0,0.0,1.0,"Male"
cpb-aacip-81-32d7wq6b.h264__165.0_175.0,0.0,1.0,"Noise"
cpb-aacip-15-gb1xd0r25g__26289-2010_10_21_.h264__2390.0_2400.0,0.0,1.0,"Female"
cpb-aacip-15-07tmppkr__2086.0_2096.0,2.0,1.0,"Male"
cpb-aacip-394-48ffbtzv.h264__2652.0_2662.0,2.0,1.0,"Music"
cpb-aacip-30-515mmdks__1548.0_1558.0,3.0,1.0,"Female"
cpb-aacip-259-w37kt55j.h264__545.0_555.0,4.0,1.0,"Crowd noise"
cpb-aacip-259-w37kt55j.h264__545.0_555.0,4.0,1.0,"Crowd noise"
cpb-aacip-15-xk84j0bb8w__barcode49166_.h264__346.0_356.0,2.0,1.0,"Female"
cpb-aacip-15-b27pn8xh25__21927-2009_10_21_.h264__1505.0_1515.0,4.0,1.0,"Female"
cpb-aacip-81-52j6qbjh.h264__783.0_793.0,1.0,1.0,"Female"
cpb-aacip-41-8279cxn7.h264__832.0_842.0,4.0,1.0,"Noise"
cpb-aacip-43-930ns0m53r__10354335___118.0_128.0,0.0,1.0,"Female"
cpb-aacip-500-s46h5m2t__1236.0_1246.0,0.0,1.0,"Male"
cpb-aacip-37-54kkwp88.h264__1191.0_1201.0,3.0,1.0,"Male"
cpb-aacip-15-tx3513v78x__barcode48360_.h264__601.0_611.0,0.0,1.0,"Male"
cpb-aacip-41-68kd5kvh.h264__310.0_320.0,2.0,1.0,"Multiple Speakers"
cpb-aacip-394-6663z37k.h264__1572.0_1582.0,4.0,1.0,"Male"
cpb-aacip-41-01pg4mx7.h264__3121.0_3131.0,0.0,1.0,"Male"
cpb-aacip-16-x05x63bp7x__focus050628a___952.0_962.0,1.0,1.0,"Male"
cpb-aacip-15-804xg9fc2g__barcode112349_.h264__2608.0_2618.0,3.0,1.0,"Male"
cpb-aacip-398-02c86b87.h264__614.0_624.0,3.0,1.0,"Noise"
cpb-aacip-15-1n7xk84n4t__200805A35A_.h264__108.0_118.0,0.0,1.0,"Female"
cpb-aacip-398-83xsjg9n.h264__998.0_1008.0,2.0,1.0,"Male"
cpb-aacip-75-84mkm5dx.h264__658.0_668.0,2.0,1.0,"Male"
cpb-aacip-75-7634v0g1.h264__411.0_421.0,4.0,1.0,"Female"
cpb-aacip-28-cz3222rk4w__PRA_AAPP_BB1540_On_freedom_road_by_Reverend_Ralph_Abernathy___1091.0_1101.0,0.0,1.0,"Male"
cpb-aacip-254-18rbp1m4.h264__467.0_477.0,3.0,1.0,"Music"
cpb-aacip-254-18rbp1m4.h264__467.0_477.0,3.0,1.0,"Music"
cpb-aacip-15-70zpcpnp__1575.0_1585.0,3.0,1.0,"Male"
cpb-aacip-77-49g4g8rz.h264__198.0_208.0,3.0,1.0,"Male"
cpb-aacip-16-37hqc5mp.h264__2624.0_2634.0,0.0,1.0,"Male"
cpb-aacip-259-4x54hj8w.h264__1203.0_1213.0,1.0,1.0,"Female"
cpb-aacip-59-311ns5x3.h264__820.0_830.0,0.0,1.0,"Silence"
cpb-aacip-15-t72794171b__200501A17A_.h264__93.0_103.0,1.0,1.0,"Male"
cpb-aacip-75-46254g67.h264__379.0_389.0,2.0,1.0,"Male"
cpb-aacip-55-kp7tm72c9v__cpb-aacip-55-106wxfch.mpeg2_.h264__248.0_258.0,4.0,1.0,"Female"
cpb-aacip-309-246q59nv__01_Steve_Silberman_Interview__1366.0_1376.0,1.0,1.0,"Male"
cpb-aacip-293-20ftth75.h264__1986.0_1996.0,4.0,1.0,"Male"
cpb-aacip-398-13905v1s.h264__26.0_36.0,0.0,1.0,"Female"
cpb-aacip-55-11kh20j2.h264__4632.0_4642.0,0.0,1.0,"Male"
cpb-aacip-293-27mpg6wg.h264__1476.0_1486.0,3.0,1.0,"Female"
cpb-aacip-500-m61bq97p__1601.0_1611.0,1.0,1.0,"Music"
cpb-aacip-259-ws8hhq70.h264__248.0_258.0,4.0,1.0,"Male"
cpb-aacip-41-91fj74v6.h264__478.0_488.0,0.0,1.0,"Music"
cpb-aacip-15-97kps7wz__1253.0_1263.0,3.0,1.0,"Music"
cpb-aacip-293-8c9r20s42m__HUT00000020001_.h264__582.0_592.0,0.0,1.0,"Male"
cpb-aacip-111-30bvqdwp.h264__451.0_461.0,2.0,1.0,"Silence"
cpb-aacip-15-58pc8kf6__4852.0_4862.0,0.0,1.0,"Music"
cpb-aacip-309-085hqcrr__1337__29.0_39.0,2.0,1.0,"Music"
cpb-aacip-29-580k6mn8.h264__1575.0_1585.0,1.0,1.0,"Music"
cpb-aacip-27-mk6542js3b__WYSO_PA_52B___196.0_206.0,4.0,1.0,"Male"
cpb-aacip-138-03cz9007__1290.0_1300.0,0.0,1.0,"Male"
cpb-aacip-254-65h9w6rm.h264__1186.0_1196.0,2.0,1.0,"Female"
cpb-aacip-147-34sj3z6m.h264__1280.0_1290.0,3.0,1.0,"Applause"
cpb-aacip-30-601zdknb__848.0_858.0,3.0,1.0,"Female"
cpb-aacip-15-4m9183466x__barcode339585_.h264__1020.0_1030.0,2.0,1.0,"Female"
cpb-aacip-15-v69862bp29__23942-2010_03_04_.h264__1012.0_1022.0,4.0,1.0,"Male"
cpb-aacip-398-881jx4kx.h264__230.0_240.0,2.0,1.0,"Noise"
cpb-aacip-37-4q7qn5zh96__iptvmnm_19711206_v2_DV25_.h264__267.0_277.0,2.0,1.0,"Music"
cpb-aacip-86-82k6dt5k.h264__528.0_538.0,2.0,1.0,"Male"
cpb-aacip-37-24wh7369.h264__643.0_653.0,4.0,1.0,"Male"
cpb-aacip-259-2805136j.h264__483.0_493.0,3.0,1.0,"Music"
cpb-aacip-41-79h44x45.h264__1528.0_1538.0,2.0,1.0,"Music"
cpb-aacip-55-51vdp7b8.h264__484.0_494.0,3.0,1.0,"Male"
cpb-aacip-55-2804x54q55__cpb-aacip-55-18rbpr4t.mpeg2_.h264__1534.0_1544.0,1.0,1.0,"Female"
cpb-aacip-29-34fn336x.h264__875.0_885.0,2.0,1.0,"Music"
cpb-aacip-111-22h70xrq.h264__1461.0_1471.0,4.0,1.0,"Silence"
cpb-aacip-41-92t4bt6m.h264__1094.0_1104.0,1.0,1.0,"Male"
cpb-aacip-43-959c53f97c__10252409___60.0_70.0,2.0,1.0,"Male"
cpb-aacip-56-51hhmnjp.h264__214.0_224.0,1.0,1.0,"Music"
cpb-aacip-500-gb1xj478__534.0_544.0,0.0,1.0,"Male"
cpb-aacip-16-vd6nz8183s__focus041117b___1165.0_1175.0,4.0,1.0,"Male"
cpb-aacip-398-0966t35q.h264__316.0_326.0,4.0,1.0,"Silence"
cpb-aacip-15-k649p2wd9w__barcode50391_.h264__435.0_445.0,0.0,1.0,"Female"
cpb-aacip-394-95j9kt0c.h264__1815.0_1825.0,0.0,1.0,"Noise"
cpb-aacip-15-9599z191__231079___103.0_113.0,1.0,1.0,"Music"
cpb-aacip-15-tx3513v78x__barcode48360_.h264__298.0_308.0,1.0,1.0,"Male"
cpb-aacip-394-75r7szr7.h264__1713.0_1723.0,4.0,1.0,"Music"
cpb-aacip-15-09w0w2pb__1787.0_1797.0,3.0,1.0,"Male"
cpb-aacip-160-354f4vjp.h264__847.0_857.0,0.0,1.0,"Male"
cpb-aacip-187-085hqgtx__1106.0_1116.0,0.0,1.0,"Male"
cpb-aacip-394-375tb8kx.h264__790.0_800.0,0.0,1.0,"Male"
cpb-aacip-309-117m0dvj__Boss-1__39.0_49.0,4.0,1.0,"Female"
cpb-aacip-41-741rnvpf.h264__57.0_67.0,0.0,1.0,"Female"
cpb-aacip-43-05fbgk27__2060.0_2070.0,0.0,1.0,"Female"
cpb-aacip-394-945qg4m3.h264__929.0_939.0,0.0,1.0,"Music"
cpb-aacip-257-720cg60g.h264__1062.0_1072.0,3.0,1.0,"Music"
cpb-aacip-15-pc2t43j87h__200201T07A_.h264__34.616_44.616,0.0,1.0,"Male with crowd noise"
cpb-aacip-309-27mpg6wt__1712__0.698_10.698,0.0,1.0,"Music"
cpb-aacip-43-579s55gx__2566.0_2576.0,2.0,1.0,"Male"
cpb-aacip-17-924b9jdq.h264__876.0_886.0,4.0,1.0,"Female"
cpb-aacip-384-74qjqb22.h264__1151.0_1161.0,2.0,1.0,"Male"
cpb-aacip-153-10wpzjcz.h264__701.0_711.0,2.0,1.0,"Music"
cpb-aacip-81-32d7wq8q.h264__928.0_938.0,0.0,1.0,"Female"
cpb-aacip-189-63fxpvk5.h264__1513.0_1523.0,2.0,1.0,"Male"
cpb-aacip-15-kd1qf8jq6t__san_antonio_hour_3_james_otis_.h264__2.977_12.977,3.0,1.0,"Male"
cpb-aacip-30-f76639kj92__ic_lockhardt4___132.0_142.0,1.0,1.0,"Male"
cpb-aacip-111-63fxpxsd.h264__883.0_893.0,4.0,1.0,"Silence"
cpb-aacip-77-19s1sgn5.h264__847.0_857.0,2.0,1.0,"Female"
cpb-aacip-259-hm52jq4m.h264__1368.0_1378.0,4.0,1.0,"Male"
cpb-aacip-15-w08w950z4v__barcode49530_.h264__893.0_903.0,2.0,1.0,"Male"
cpb-aacip-245-53wstz03.h264__124.0_134.0,4.0,1.0,"Male"
cpb-aacip-15-dv1cj87r17__ABC62942_.h264__178.0_188.0,2.0,1.0,"Silence"
cpb-aacip-22-58bg7gkr.h264__394.0_404.0,0.0,1.0,"Female"
cpb-aacip-15-707wm13s5g__orlando_hour_3_kimberly_shumpert_.h264__0.527_10.527,0.0,1.0,"Female"
cpb-aacip-111-5m6251fv8w__AETN_WaynePerry1of2_DV25_.h264__2583.0_2593.0,3.0,1.0,"Male"
cpb-aacip-259-df6k339k.h264__0.0_10.0,0.0,1.0,"Silence"
cpb-aacip-55-1n7xk84t18__cpb-aacip-55-26xwf4vr.mpeg2_.h264__241.0_251.0,0.0,1.0,"Music"
cpb-aacip-22-37hqc3ns.h264__2778.0_2788.0,3.0,1.0,"Female"
cpb-aacip-245-10jsxnm9.h264__1425.0_1435.0,4.0,1.0,"Male"
cpb-aacip-77-07tmqb06.h264__114.0_124.0,0.0,1.0,"Music"
cpb-aacip-41-14nk9pmp.h264__627.0_637.0,1.0,1.0,"Male"
cpb-aacip-41-14nk9pmp.h264__627.0_637.0,1.0,1.0,"Male"
cpb-aacip-129-75r7t2vq.h264__1528.0_1538.0,2.0,1.0,"Female"
cpb-aacip-29-32d7wqj8.h264__3124.0_3134.0,1.0,1.0,"Male"
cpb-aacip-359-28nck0w8.h264__1244.0_1254.0,3.0,1.0,"Female"
cpb-aacip-15-000000014h__20856-2008_04_04_.h264__3461.0_3471.0,4.0,1.0,"Female"
cpb-aacip-15-v97zk55x0p__21706-2009_10_07_.h264__953.0_963.0,4.0,1.0,"Male"
cpb-aacip-15-j38kd1r62s__barcode219964___274.0_284.0,4.0,1.0,"Female"
cpb-aacip-15-dj58c9r94x__22352-2009_10_24_.h264__2110.0_2120.0,1.0,1.0,"Female"
cpb-aacip-15-0p0wp9t38c__barcode235889_edited_.h264__330.0_340.0,4.0,1.0,"Silence"
cpb-aacip-225-418kpwn4.h264__2958.0_2968.0,2.0,1.0,"Music"
cpb-aacip-309-30prr7wt__Altoids_to_Zima-2__57.0_67.0,2.0,1.0,"Female"
cpb-aacip-30-515mmdks__1723.0_1733.0,3.0,1.0,"Music"
cpb-aacip-27-sb3ws8j24n__WYSO_PA_516B___197.0_207.0,0.0,1.0,"Female"
cpb-aacip-29-08v9s6dt.h264__420.0_430.0,1.0,1.0,"Music"
cpb-aacip-15-g73707wx68__barcode18828_.h264__736.0_746.0,1.0,1.0,"Noise"
cpb-aacip-86-03cz8xpn.h264__1609.0_1619.0,0.0,1.0,"Music"
cpb-aacip-309-12m63zz8__1705__11.0_21.0,3.0,1.0,"Male"
cpb-aacip-55-97xktnwq.h264__817.0_827.0,1.0,1.0,"Silence"
cpb-aacip-86-37hqc384.h264__360.0_370.0,2.0,1.0,"Noise"
cpb-aacip-86-37hqc384.h264__360.0_370.0,2.0,1.0,"Noise"
cpb-aacip-189-37hqc3b4.h264__526.0_536.0,4.0,1.0,"Female"
cpb-aacip-17-9351d7j7.h264__296.0_306.0,3.0,1.0,"Male"
cpb-aacip-394-98z8wndk.h264__1429.0_1439.0,2.0,1.0,"Silence"
cpb-aacip-30-7h1dj58r89__ic_2___1452.0_1462.0,3.0,1.0,"Male"
cpb-aacip-41-72p5j360.h264__6.0_16.0,0.0,1.0,"Test tone"
cpb-aacip-43-w37kp7v837__10376886___52.0_62.0,3.0,1.0,"Female"
cpb-aacip-15-45cc2swc__195.0_205.0,0.0,1.0,"Male"
cpb-aacip-15-rf5k931f80__23470-2010_01_11_Cap1-RAW_.h264__63.0_73.0,4.0,1.0,"Silence"
cpb-aacip-304-47dr86s7.h264__1160.0_1170.0,1.0,1.0,"Female"
cpb-aacip-29-40ksn49j.h264__1561.0_1571.0,1.0,1.0,"Male"
cpb-aacip-500-vt1gp97j__124.0_134.0,4.0,1.0,"Male"
cpb-aacip-30-84mkmvdf__807.0_817.0,0.0,1.0,"Test tone"
cpb-aacip-77-81jhbvcc.h264__1072.0_1082.0,2.0,1.0,"Female"
cpb-aacip-15-35t76tkn__82.0_92.0,0.0,1.0,"Music"
cpb-aacip-293-569324nb.h264__1381.0_1391.0,0.0,1.0,"Male"
cpb-aacip-80-35gb69mb__3488.0_3498.0,4.0,1.0,"Male"
cpb-aacip-120-10wpzm27.h264__201.0_211.0,3.0,1.0,"Male"
cpb-aacip-15-zc7rn30m2z__barcode301145-2_.h264__415.0_425.0,4.0,1.0,"Male"
cpb-aacip-15-kh0dv1d99z__20111102CCS___2610.0_2620.0,1.0,1.0,"Male"
cpb-aacip-138-95j9kssw__79.0_89.0,2.0,1.0,"Music"
cpb-aacip-60-9351cfrp.h264__225.0_235.0,1.0,1.0,"Music"
cpb-aacip-77-22h71rkb.h264__1186.0_1196.0,1.0,1.0,"Male"
cpb-aacip-259-319s4q9g.h264__1367.113_1377.113,4.0,1.0,"Multiple Speakers"
cpb-aacip-111-kp7tm72c5m__AETN_James-Elliott_DV25_.h264__2792.0_2802.0,1.0,1.0,"Silence"
cpb-aacip-80-278sfszm__1795.0_1805.0,0.0,1.0,"Male"
cpb-aacip-259-gq6r247f.h264__202.0_212.0,0.0,1.0,"Female"
cpb-aacip-131-032280z9.h264__180.0_190.0,2.0,1.0,"Male"
cpb-aacip-83-343r2hbz.h264__1696.0_1706.0,4.0,1.0,"Male"
cpb-aacip-83-343r2hbz.h264__1696.0_1706.0,3.0,1.0,"Male"
cpb-aacip-15-639k35md5f__nasa09_vid_saleggs_.h264__73.0_83.0,0.0,1.0,"Female"
cpb-aacip-15-795742wq__1686.0_1696.0,1.0,1.0,"Male"
cpb-aacip-187-11kh19k0__87.0_97.0,1.0,1.0,"Male"
cpb-aacip-16-92g79qtm.h264__1207.0_1217.0,3.0,1.0,"Applause"
cpb-aacip-15-pn8x92258v__20100614ERS___456.0_466.0,3.0,1.0,"Male"
cpb-aacip-15-pn8x92258v__20100614ERS___456.0_466.0,3.0,1.0,"Male"
cpb-aacip-55-02q57tct.h264__1586.0_1596.0,1.0,1.0,"Music"
cpb-aacip-17-07gqpb0j.h264__942.0_952.0,0.0,1.0,"Male"
cpb-aacip-394-13905rtk.h264__1217.0_1227.0,1.0,1.0,"Male"
cpb-aacip-15-xg9f47h66w__ess05_vid_flood_.h264__1432.0_1442.0,3.0,1.0,"Silence"
cpb-aacip-15-s756d5pq1n__barcode48449_.h264__611.0_621.0,3.0,1.0,"Male"
cpb-aacip-75-48sbcnmp.h264__744.0_754.0,1.0,1.0,"Silence"
cpb-aacip-500-sf2mbg56__1473.0_1483.0,0.0,1.0,"Music"
cpb-aacip-17-35gb6jnv.h264__605.0_615.0,0.0,1.0,"Male"
cpb-aacip-129-106wwvmc.h264__339.0_349.0,0.0,1.0,"Male"
cpb-aacip-43-1c1td9nb4q__10385471___107.0_117.0,2.0,1.0,"Male"
cpb-aacip-43-sb3ws8j11f__10439312___62.0_72.0,3.0,1.0,"Male"
cpb-aacip-394-44pk0t49.h264__1082.0_1092.0,0.0,1.0,"Music"
cpb-aacip-17-87pnwxtz.h264__1564.0_1574.0,0.0,1.0,"Female"
cpb-aacip-41-51vdnqv4.h264__1571.0_1581.0,2.0,1.0,"Female"
cpb-aacip-77-515mmrbx.h264__1596.0_1606.0,3.0,1.0,"Male"
cpb-aacip-293-2804x54q4v__HUT00000117001_.h264__3153.0_3163.0,1.0,1.0,"Male"
cpb-aacip-43-128939ng__250.0_260.0,4.0,1.0,"Male"
cpb-aacip-398-17qnkf96.h264__11.816_21.816,0.0,1.0,"Silence"
cpb-aacip-15-xk84j0bs6v__20100806CCS___813.0_823.0,3.0,1.0,"Multiple Speakers"
cpb-aacip-81-117m0f97.h264__437.0_447.0,1.0,1.0,"Noise"
cpb-aacip-259-mp4vmw1k.h264__1310.0_1320.0,0.0,1.0,"Female"
cpb-aacip-15-4q7qn5zb2n__barcode301241-1_.h264__441.0_451.0,0.0,1.0,"Silence"
cpb-aacip-500-4m91d26c__926.0_936.0,4.0,1.0,"Male"
cpb-aacip-27-w08w95153f__WYSO_PA_153B___694.0_704.0,0.0,1.0,"Male"
cpb-aacip-309-75dbs2sj__1862__11.0_21.0,3.0,1.0,"Music"
cpb-aacip-309-75dbs2sj__1862__11.0_21.0,3.0,1.0,"Music"
cpb-aacip-15-jq0sq8qn59__barcode18851_tribute340_.h264__68.0_78.0,3.0,1.0,"Noise"
cpb-aacip-77-34fn41b2.h264__1239.0_1249.0,0.0,1.0,"Female"
cpb-aacip-113-19f4qwxm.h264__1453.0_1463.0,2.0,1.0,"Silence"
cpb-aacip-41-09w0w2tk.h264__797.0_807.0,1.0,1.0,"Male"
cpb-aacip-394-69z090f3.h264__1418.0_1428.0,3.0,1.0,"Male"
cpb-aacip-15-ff3kw57m8n__201106A12A_.h264__127.0_137.0,2.0,1.0,"Female"
cpb-aacip-15-9mk6580n__213913___1223.0_1233.0,3.0,1.0,"Male"
cpb-aacip-15-tb0xp6vb6k__27002-2011_01_14_.h264__2476.0_2486.0,0.0,1.0,"Male"
cpb-aacip-15-tb0xp6vb6k__27002-2011_01_14_.h264__2476.0_2486.0,0.0,1.0,"Male"
cpb-aacip-111-91fj727p.h264__564.0_574.0,0.0,1.0,"Male"
cpb-aacip-15-70msbsrb__854.0_864.0,4.0,1.0,"Silence"
cpb-aacip-322-31qftx5z.h264__1311.0_1321.0,0.0,1.0,"Male"
cpb-aacip-384-6341p0gv.h264__872.806_882.806,2.0,1.0,"Female"
cpb-aacip-309-65v6x3k4__Red_Letter_Day__106.0_116.0,0.0,1.0,"Music"
cpb-aacip-41-90rr56gn.h264__409.0_419.0,0.0,1.0,"Female"
cpb-aacip-259-ft8djs98.h264__602.0_612.0,1.0,1.0,"Multiple Speakers"
cpb-aacip-15-8k74t6f87m__barcode247332_.h264__1934.0_1944.0,2.0,1.0,"Male"
cpb-aacip-15-k06ww7759k__27589-2011_02_14_General_Spec_360_.h264__2703.0_2713.0,1.0,1.0,"Not Sure"
cpb-aacip-22-38w9gnq2.h264__827.0_837.0,0.0,1.0,"Male"
cpb-aacip-83-289gj7nt.h264__2636.0_2646.0,2.0,1.0,"Silence"
cpb-aacip-78-35gb6693.h264__347.0_357.0,0.0,1.0,"Male"
cpb-aacip-129-59c5b88v.h264__1220.0_1230.0,4.0,1.0,"Female"
cpb-aacip-43-203xsnsf__1171.0_1181.0,1.0,1.0,"Male"
cpb-aacip-15-d795717v99__22123-2009_10_24_.h264__1.0_11.0,4.0,1.0,"Silence"
cpb-aacip-15-bv79s1ks6h__201106A29A_.h264__126.0_136.0,2.0,1.0,"Male with crowd noise"
cpb-aacip-500-mg7fw54k__3907.0_3917.0,4.0,1.0,"Music"
cpb-aacip-221-78gf27v7.h264__653.0_663.0,4.0,1.0,"Female"
cpb-aacip-259-sq8qgk0w.h264__21.409_31.409,3.0,1.0,"Noise"
cpb-aacip-75-99n2zffw.h264__424.0_434.0,3.0,1.0,"Music"
cpb-aacip-55-ws8hd7pb8z__cpb-aacip-55-59189z27.mpeg2_.h264__475.0_485.0,4.0,1.0,"Male"
cpb-aacip-394-95j9kt0c.h264__956.0_966.0,3.0,1.0,"Noise"
cpb-aacip-43-8911n7xz1d__10449783___91.0_101.0,1.0,1.0,"Male"
cpb-aacip-15-vq2s46hh67__4146-2008_04_07_.h264__2274.0_2284.0,4.0,1.0,"Male"
cpb-aacip-15-c824b2x89b__barcode105389_.h264__54.0_64.0,0.0,1.0,"Female"
cpb-aacip-225-6341nzv2.h264__933.0_943.0,4.0,1.0,"Music"
cpb-aacip-120-98mcvsp1.h264__1418.0_1428.0,1.0,1.0,"Male"
cpb-aacip-500-g7374t3m__1070.0_1080.0,4.0,1.0,"Male"
cpb-aacip-35-085hqd46.h264__0.0_10.0,2.0,1.0,"Test tone"
cpb-aacip-75-65h9wbdc.h264__6882.0_6892.0,1.0,1.0,"Female"
cpb-aacip-15-k93125qj52__phy03_vid_techsociety_.h264__168.968_178.968,0.0,1.0,"Music"
cpb-aacip-55-93ttfz39.h264__503.0_513.0,4.0,1.0,"Female"
cpb-aacip-43-17crjp7b__2113.0_2123.0,4.0,1.0,"Male"
cpb-aacip-41-010p2xbn.h264__3329.0_3339.0,4.0,1.0,"Male"
cpb-aacip-129-76rxwqrx.h264__346.0_356.0,3.0,1.0,"Male"
cpb-aacip-15-sq8qb9vh4z__barcode49151_clip6_.h264__250.315_260.315,3.0,1.0,"Male"
cpb-aacip-17-21ghxxhq.h264__1152.0_1162.0,0.0,1.0,"Male"
cpb-aacip-120-65v6x5r5.h264__1393.0_1403.0,3.0,1.0,"Music"
cpb-aacip-15-63stqxhc__408.0_418.0,0.0,1.0,"Male"
cpb-aacip-50-90rr57g8__2550.0_2560.0,0.0,1.0,"Music"
cpb-aacip-37-4q7qn5zh96__iptvmnm_19711206_v2_DV25_.h264__267.0_277.0,0.0,1.0,"Music"
cpb-aacip-29-150gb6zv.h264__780.0_790.0,1.0,1.0,"Male"
cpb-aacip-116-76f1vr31__3589.0_3599.0,0.0,1.0,"Female"
cpb-aacip-15-4f1mg7ft91__barcode48447_.h264__35.0_45.0,0.0,1.0,"Silence"
cpb-aacip-29-5370s4kk.h264__2086.0_2096.0,3.0,1.0,"Male"
cpb-aacip-169-752fr7vh__3091.0_3101.0,4.0,1.0,"Music"
cpb-aacip-55-69867r4m.h264__216.0_226.0,3.0,1.0,"Music"
cpb-aacip-384-37vmd10p.h264__1005.0_1015.0,0.0,1.0,"Music"
cpb-aacip-129-25k990kf.h264__1239.0_1249.0,3.0,1.0,"Male"
cpb-aacip-259-5q4rmq20.h264__237.0_247.0,2.0,1.0,"Male"
cpb-aacip-41-24wh76zb.h264__35.0_45.0,2.0,1.0,"Silence"
cpb-aacip-15-j678s4jz2s__23222-2010_01_06_.h264__2667.0_2677.0,0.0,1.0,"Male"
cpb-aacip-29-71ngf9pg.h264__1154.0_1164.0,2.0,1.0,"Male"
cpb-aacip-37-09w0vvc5.h264__996.0_1006.0,3.0,1.0,"Male"
cpb-aacip-81-97xksxwt.h264__553.0_563.0,0.0,1.0,"Female"
cpb-aacip-29-547pvt14.h264__748.0_758.0,3.0,1.0,"Male"
cpb-aacip-259-4x54hj8w.h264__50.0_60.0,4.0,1.0,"Female"
cpb-aacip-75-81wdc572.h264__2747.0_2757.0,1.0,1.0,"Female"
cpb-aacip-15-cn6xw4804h__ess05_vid_infrared_.h264__240.0_250.0,2.0,1.0,"Female"
cpb-aacip-500-wh2dd97d__1256.0_1266.0,4.0,1.0,"Male"
cpb-aacip-189-97xksxz7.h264__459.0_469.0,1.0,1.0,"Female"
cpb-aacip-500-j09w5093__1097.0_1107.0,3.0,1.0,"Male"
cpb-aacip-394-074tmv6s.h264__1477.0_1487.0,1.0,1.0,"Silence"
cpb-aacip-23-55z61815.h264__1175.0_1185.0,0.0,1.0,"Male"
cpb-aacip-217-24jm66dh.h264__629.0_639.0,1.0,1.0,"Male"
cpb-aacip-15-31qfv3js.h264__3643.0_3653.0,4.0,1.0,"Female"
cpb-aacip-86-73pvmmsm.h264__1076.0_1086.0,3.0,1.0,"Silence"
cpb-aacip-387-75r7t021.h264__876.749_886.749,3.0,1.0,"Silence"
cpb-aacip-60-93ttf8hs.h264__1316.0_1326.0,2.0,1.0,"Music"
cpb-aacip-15-n29p26q866__barcode339633_5_.h264__74.0_84.0,3.0,1.0,"Female"
cpb-aacip-29-75dbs3r0.h264__568.0_578.0,2.0,1.0,"Music"
cpb-aacip-41-451g1q9f.h264__1390.0_1400.0,3.0,1.0,"Male"
cpb-aacip-16-38jdftv0__1263.0_1273.0,1.0,1.0,"Male"
cpb-aacip-500-8s4jr403__110.0_120.0,1.0,1.0,"Male"
cpb-aacip-245-51hhmpxp.h264__1139.0_1149.0,4.0,1.0,"Male"
cpb-aacip-75-49g4ff20.h264__1290.0_1300.0,1.0,1.0,"Female"
cpb-aacip-398-17crjjsr.h264__23.0_33.0,2.0,1.0,"Male"
cpb-aacip-55-df6k06xb88__cpb-aacip-55-29b5ndcx.mpeg2_.h264__673.0_683.0,2.0,1.0,"Male"
cpb-aacip-283-03qv9wpv.h264__2524.0_2534.0,2.0,1.0,"Male"
cpb-aacip-15-4x54f1mm9m__23472-2010_01_13_.h264__1524.0_1534.0,3.0,1.0,"Male"
cpb-aacip-17-69867tp8.h264__506.0_516.0,0.0,1.0,"Female"
cpb-aacip-15-rn3028pt0t__barcode9585_.h264__380.0_390.0,4.0,1.0,"Male"
cpb-aacip-15-4q7qn5zc7g__phy03_vid_developing_.h264__248.0_258.0,1.0,1.0,"Noise"
cpb-aacip-15-n00zp3w507__19433-2009_04_30_.h264__1893.0_1903.0,2.0,1.0,"Female"
cpb-aacip-500-th8bmm14__1473.0_1483.0,2.0,1.0,"Male"
cpb-aacip-75-63stqwq4.h264__3004.0_3014.0,4.0,1.0,"Male"
cpb-aacip-15-6d5p843x6j__ess05_vid_sealevel_.h264__54.0_64.0,3.0,1.0,"Music"
cpb-aacip-114-08hdr8nk.h264__149.0_159.0,4.0,1.0,"Music"
cpb-aacip-41-451g1q8r.h264__53.0_63.0,1.0,1.0,"Female"
cpb-aacip-77-72b8hxjv.h264__875.0_885.0,4.0,1.0,"Male"
cpb-aacip-398-30prrb7d.h264__503.0_513.0,3.0,1.0,"Noise"
cpb-aacip-83-82x3fwk9.h264__1149.695_1159.695,0.0,1.0,"Male"
cpb-aacip-16-pr7mp4w45m__focus050502b___1791.0_1801.0,2.0,1.0,"Male"
cpb-aacip-29-t14th8c338__WCWW2-205_.h264__40.0_50.0,3.0,1.0,"Male"
cpb-aacip-29-22v41s7s.h264__43.0_53.0,4.0,1.0,"Multiple Speakers"
cpb-aacip-500-wh2dd97d__583.0_593.0,4.0,1.0,"Male"
cpb-aacip-402-579s4tn0__1775.0_1785.0,3.0,1.0,"Male"
cpb-aacip-127-02q576c6.h264__705.0_715.0,3.0,1.0,"Female"
cpb-aacip-15-ht2g737c6q__Barcode339636_6_.h264__306.0_316.0,0.0,1.0,"Female"
cpb-aacip-114-580k6ktt.h264__472.0_482.0,4.0,1.0,"Male"
cpb-aacip-120-4302vdn7.h264__1652.0_1662.0,1.0,1.0,"Music"
cpb-aacip-15-7h1dj58k69__barcode301184-1_.h264__19.0_29.0,4.0,1.0,"Multiple Speakers"
cpb-aacip-15-2j6833mx9m__barcode53708_.h264__1081.0_1091.0,1.0,1.0,"Male"
cpb-aacip-151-7d2q52fr1z__fma-2-54724-int-20110628_.h264__1090.0_1100.0,3.0,1.0,"Female"
cpb-aacip-75-21ghxbh1.h264__392.0_402.0,0.0,1.0,"Silence"
cpb-aacip-29-t14th8c338__WCWW2-205_.h264__878.0_888.0,1.0,1.0,"Silence"
cpb-aacip-129-32r4xppw.h264__1514.0_1524.0,4.0,1.0,"Music"
cpb-aacip-15-251fj29d3w__Barcode339835_.h264__2509.0_2519.0,1.0,1.0,"Female"
cpb-aacip-77-26xwfckd.h264__242.0_252.0,4.0,1.0,"Male"
cpb-aacip-245-90rr589t.h264__451.0_461.0,0.0,1.0,"Male"
cpb-aacip-17-73pvng9q.h264__1238.0_1248.0,4.0,1.0,"Music"
cpb-aacip-78-35gb6693.h264__347.0_357.0,2.0,1.0,"Male"
cpb-aacip-15-cj87h1ds37__barcode9299_.h264__1069.0_1079.0,0.0,1.0,"Male"
cpb-aacip-200-69m37xzc.h264__398.0_408.0,4.0,1.0,"Silence"
cpb-aacip-500-gf0mxc4r__211.0_221.0,3.0,1.0,"Male"
cpb-aacip-15-82x3fvsz__1314.0_1324.0,1.0,1.0,"Silence"
cpb-aacip-43-kk9474767s__10401227___155.0_165.0,4.0,1.0,"Male"
cpb-aacip-15-x05x63bd6d__hew06_vid_nightreef_.h264__122.297_132.297,2.0,1.0,"Male"
cpb-aacip-259-9g5gf72w.h264__565.0_575.0,1.0,1.0,"Female"
cpb-aacip-29-82k6dv0r.h264__1433.0_1443.0,4.0,1.0,"Male"
cpb-aacip-293-7h1dj58r70__hut00000099001_.h264__18.0_28.0,1.0,1.0,"Male"
cpb-aacip-189-36tx9942.h264__700.0_710.0,2.0,1.0,"Music"
cpb-aacip-86-322bvtnz.h264__201.0_211.0,0.0,1.0,"Male"
cpb-aacip-55-154dn4021d__cpb-aacip-55-257d8nvq.mpeg2_.h264__1737.0_1747.0,3.0,1.0,"Male"
cpb-aacip-81-23hx3j2f.h264__542.0_552.0,1.0,1.0,"Female"
cpb-aacip-55-qn5z60cg2k__cpb-aacip-55-88qc0jtp.mpeg2_.h264__556.0_566.0,4.0,1.0,"Female"
cpb-aacip-259-gq6r247f.h264__987.0_997.0,4.0,1.0,"Multiple Speakers"
cpb-aacip-55-31cjtr0b.h264__655.0_665.0,0.0,1.0,"Male"
cpb-aacip-22-37hqc3ns.h264__8.0_18.0,0.0,1.0,"Silence"
cpb-aacip-138-805x6nk1.h264__261.0_271.0,1.0,1.0,"Silence"
cpb-aacip-16-qv3bz61s7z__focus040226b___2402.0_2412.0,1.0,1.0,"Male"
cpb-aacip-41-83xsjknj.h264__811.0_821.0,4.0,1.0,"Male"
cpb-aacip-15-707wm13s0x__barcode48970_.h264__742.0_752.0,1.0,1.0,"Male"
cpb-aacip-77-7634vsvh.h264__1549.0_1559.0,3.0,1.0,"Male"
cpb-aacip-153-84mkm59n.h264__1374.0_1384.0,1.0,1.0,"Male"
cpb-aacip-29-5370s4kk.h264__2583.0_2593.0,2.0,1.0,"Male"
cpb-aacip-22-67wm3fwz.h264__1622.0_1632.0,4.0,1.0,"Male"
cpb-aacip-15-xs5j96134b__20110531CCS___2378.0_2388.0,3.0,1.0,"Music"
cpb-aacip-75-38jdfwkn.h264__1138.0_1148.0,1.0,1.0,"Music"
cpb-aacip-259-w6695z3j.h264__606.0_616.0,3.0,1.0,"Male"
cpb-aacip-120-20sqvg15.h264__1581.0_1591.0,2.0,1.0,"Male with crowd noise"
cpb-aacip-120-20sqvg15.h264__1581.0_1591.0,2.0,1.0,"Male with crowd noise"
cpb-aacip-15-cc0tq5rj70__201202A28A_.h264__61.0_71.0,0.0,1.0,"Multiple Speakers"
cpb-aacip-41-773txjjk.h264__479.0_489.0,4.0,1.0,"Female"
cpb-aacip-500-rx93d07q__452.0_462.0,3.0,1.0,"Male"
cpb-aacip-43-86nzsms6__320.0_330.0,3.0,1.0,"Male"
cpb-aacip-217-14nk9cvz.h264__3107.0_3117.0,2.0,1.0,"Male"
cpb-aacip-80-53wsvd92__6596.0_6606.0,2.0,1.0,"Female"
cpb-aacip-27-g15t727s8h__WYSO_PA_443___1003.0_1013.0,1.0,1.0,"Female"
cpb-aacip-293-27mpg6wg.h264__1476.0_1486.0,1.0,1.0,"Applause"
cpb-aacip-15-3r0pr7mv3s__26700_2010_11_17_.h264__708.0_718.0,2.0,1.0,"Male"
cpb-aacip-78-20sqvwgs.h264__1314.0_1324.0,3.0,1.0,"Silence"
cpb-aacip-259-k35mdg0r.h264__761.0_771.0,4.0,1.0,"Multiple Speakers"
cpb-aacip-221-40ksn7n1.h264__1370.0_1380.0,0.0,1.0,"Male"
cpb-aacip-15-5h7br8mj6c__barcode349639_FishwifeMOS_.h264__33.0_43.0,2.0,1.0,"Silence"
cpb-aacip-41-30prr81j.h264__1178.0_1188.0,1.0,1.0,"Male"
cpb-aacip-81-805x6jt9.h264__1191.0_1201.0,3.0,1.0,"Male with crowd noise"
cpb-aacip-500-gx44vt61__1630.0_1640.0,2.0,1.0,"Music"
cpb-aacip-15-x639z90s9q__barcode105343_.h264__74.0_84.0,4.0,1.0,"Female"
cpb-aacip-37-27mpg8ws.h264__271.0_281.0,0.0,1.0,"Male"
cpb-aacip-309-01pg4fgh__1907__28.0_38.0,3.0,1.0,"Music"
cpb-aacip-394-09w0vvss.h264__86.0_96.0,4.0,1.0,"Multiple Speakers"
cpb-aacip-398-17crjjsr.h264__23.0_33.0,4.0,1.0,"Male"
cpb-aacip-500-vq2s909d__1503.0_1513.0,1.0,1.0,"Male"
cpb-aacip-293-7h1dj58r70__hut00000099001_.h264__504.0_514.0,3.0,1.0,"Music"
cpb-aacip-17-56932wp7.h264__133.0_143.0,1.0,1.0,"Music"
cpb-aacip-260-77fqzf5z.h264__440.0_450.0,2.0,1.0,"Female"
cpb-aacip-394-70zpcpms.h264__485.0_495.0,4.0,1.0,"Male"
cpb-aacip-88-19f4qt9m.h264__673.0_683.0,4.0,1.0,"Female with crowd noise"
cpb-aacip-394-56zw3xfr.h264__759.0_769.0,2.0,1.0,"Male"
cpb-aacip-15-0g3gx44t08__201201A01A_.h264__25.0_35.0,4.0,1.0,"Male"
cpb-aacip-43-jm23b5wp6t__10275289___225.0_235.0,1.0,1.0,"Male"
cpb-aacip-77-021c6749.h264__500.0_510.0,4.0,1.0,"Male"
cpb-aacip-41-38w9h1h3.h264__1122.0_1132.0,2.0,1.0,"Music"
cpb-aacip-259-dr2p873f.h264__1830.0_1840.0,0.0,1.0,"Male"
cpb-aacip-129-17qnkgh1.h264__682.0_692.0,2.0,1.0,"Music"
cpb-aacip-333-49g4f928.h264__191.0_201.0,0.0,1.0,"Silence"
cpb-aacip-86-99n2zd4t.h264__1306.0_1316.0,4.0,1.0,"Male"
cpb-aacip-41-38w9gvxg.h264__110.0_120.0,3.0,1.0,"Music"
cpb-aacip-30-21ghxvfw__713.0_723.0,3.0,1.0,"Music"
cpb-aacip-75-84mkm6rg.h264__1802.0_1812.0,1.0,1.0,"Male"
cpb-aacip-41-36tx9kmb.h264__1294.0_1304.0,2.0,1.0,"Multiple Speakers"
cpb-aacip-259-wp9t5729.h264__246.0_256.0,1.0,1.0,"Silence"
cpb-aacip-75-95w6mqsz.h264__1520.0_1530.0,4.0,1.0,"Silence"
cpb-aacip-259-610vt58t.h264__739.0_749.0,4.0,1.0,"Female"
cpb-aacip-15-9qr4nq1f__215470_20120131CCS__301.0_311.0,1.0,1.0,"Female"
cpb-aacip-127-81jhb5w6.h264__587.0_597.0,1.0,1.0,"Male"
cpb-aacip-15-222r49g66w__barcode49440_.h264__9.0_19.0,4.0,1.0,"Male with crowd noise"
cpb-aacip-29-687h4d2j.h264__733.0_743.0,0.0,1.0,"Multiple Speakers"
cpb-aacip-17-02q57zkw.h264__629.0_639.0,1.0,1.0,"Male"
cpb-aacip-259-7d2q7h5p.h264__1064.0_1074.0,4.0,1.0,"Male"
cpb-aacip-398-17qnkf96.h264__30.0_40.0,0.0,1.0,"Test tone"
cpb-aacip-15-q23qv3cb7k__25292-2010_09_01_.h264__1296.0_1306.0,2.0,1.0,"Female"
cpb-aacip-55-924b9f4x.h264__190.0_200.0,3.0,1.0,"Music"
cpb-aacip-305-91fj70cb__473.0_483.0,4.0,1.0,"Male"
cpb-aacip-61-48ffbq37.h264__307.0_317.0,3.0,1.0,"Applause"
cpb-aacip-500-fn10t379__58.0_68.0,2.0,1.0,"Male"
cpb-aacip-15-3b5w66969s__barcode10561_.h264__563.0_573.0,2.0,1.0,"Male"
cpb-aacip-120-53wsv000.h264__1771.0_1781.0,1.0,1.0,"Silence"
cpb-aacip-61-74qjqckq.h264__1153.366_1163.366,1.0,1.0,"Male"
cpb-aacip-37-85n8px3g.h264__1041.0_1051.0,1.0,1.0,"Male"
cpb-aacip-37-85n8px3g.h264__1041.0_1051.0,1.0,1.0,"Male"
cpb-aacip-111-30bvqdwp.h264__488.0_498.0,1.0,1.0,"Silence"
cpb-aacip-398-644qrqj8.h264__788.0_798.0,4.0,1.0,"Male"
cpb-aacip-15-d795717v4r__barcode48530_.h264__180.0_190.0,0.0,1.0,"Male"
cpb-aacip-259-j38khb78.h264__1063.0_1073.0,3.0,1.0,"Female"
cpb-aacip-43-wp9t14v53v__10563098___124.0_134.0,0.0,1.0,"Male"
cpb-aacip-41-93ttf7bb.h264__1786.0_1796.0,2.0,1.0,"Male"
cpb-aacip-43-445h98zk4w__10438535___65.0_75.0,0.0,1.0,"Male"
cpb-aacip-81-6663z1f5.h264__342.0_352.0,4.0,1.0,"Noise"
cpb-aacip-60-22h70vh1.h264__1201.0_1211.0,4.0,1.0,"Female"
cpb-aacip-55-784j1zfn.h264__1002.0_1012.0,0.0,1.0,"Male"
cpb-aacip-55-5d8nc5sk55__cpb-aacip-55-39k3k2xb.mpeg2_.h264__704.0_714.0,4.0,1.0,"Music"
cpb-aacip-55-719kf32v.h264__372.0_382.0,4.0,1.0,"Multiple Speakers"
cpb-aacip-15-v11vd6pf2t__21690-2009_09_30_.h264__1648.0_1658.0,3.0,1.0,"Male"
cpb-aacip-15-fj29882t8m__barcode339505_.h264__123.0_133.0,3.0,1.0,"Female"
cpb-aacip-24-k06ww7766x__490.0_500.0,3.0,1.0,"Music"
cpb-aacip-15-gh9b56dc2g__25220-2010_06_17_.h264__1918.0_1928.0,0.0,1.0,"Male"
cpb-aacip-80-009w1b1r__518.0_528.0,1.0,1.0,"Male"
cpb-aacip-129-sb3ws8hx30__4NCP2728YY_.h264__1200.0_1210.0,3.0,1.0,"Male"
cpb-aacip-398-3976hn9w.h264__483.0_493.0,0.0,1.0,"Noise"
cpb-aacip-500-sb3wz46g__1331.0_1341.0,1.0,1.0,"Music"
cpb-aacip-15-b56d21rq0m__barcode50288_.h264__781.0_791.0,2.0,1.0,"Male"
cpb-aacip-217-25k98vp8.h264__1082.0_1092.0,2.0,1.0,"Male"
cpb-aacip-37-687h4dph.h264__365.0_375.0,4.0,1.0,"Male"
cpb-aacip-16-pr7mp4w45m__focus050502b___1791.0_1801.0,0.0,1.0,"Male"
cpb-aacip-221-13mw6szm.h264__1649.0_1659.0,0.0,1.0,"Male"
cpb-aacip-43-6m3319sc2d__10403145___171.0_181.0,4.0,1.0,"Male"
cpb-aacip-111-12z34z1f.h264__1963.0_1973.0,0.0,1.0,"Male"
cpb-aacip-259-zp3vx30c.h264__831.0_841.0,2.0,1.0,"Female"
cpb-aacip-15-rr1pg1jc1z__IHUB-A___37.0_47.0,3.0,1.0,"Music"
cpb-aacip-22-27zkh3p9.h264__700.0_710.0,0.0,1.0,"Music"
cpb-aacip-15-sj19k4649b__barcode71477_.h264__723.0_733.0,4.0,1.0,"Noise"
cpb-aacip-15-9s1kh0f39p__22835-2009_11_10_.h264__3145.0_3155.0,4.0,1.0,"Male"
cpb-aacip-15-k649p2wg84__21316-2009_11_22_.h264__129.0_139.0,3.0,1.0,"Male"
cpb-aacip-86-82k6dt5k.h264__199.0_209.0,1.0,1.0,"Male"
cpb-aacip-15-d50ft8dp12__ate10_vid_energytech_.h264__42.0_52.0,2.0,1.0,"Music"
cpb-aacip-29-07gqnm5t.h264__32.0_42.0,1.0,1.0,"Male"
cpb-aacip-41-13mw6x4z.h264__316.0_326.0,4.0,1.0,"Music"
cpb-aacip-394-956dk065.h264__158.0_168.0,1.0,1.0,"Male"
cpb-aacip-37-97kps3gn.h264__1521.0_1531.0,1.0,1.0,"Male"
cpb-aacip-309-52w3r6r3__Wine_Wind__96.0_106.0,1.0,1.0,"Female"
cpb-aacip-15-91sf83p0__1988.0_1998.0,0.0,1.0,"Male"
cpb-aacip-221-40ksn7n1.h264__1370.0_1380.0,2.0,1.0,"Male"
cpb-aacip-129-24wh760d.h264__932.0_942.0,0.0,1.0,"Female"
cpb-aacip-151-xp6tx35w2h__fma-2-59126-int-20111027_.h264__561.0_571.0,0.0,1.0,"Male"
cpb-aacip-378-77fqzdph.h264__1663.0_1673.0,2.0,1.0,"Male"
cpb-aacip-235-79574rzt.h264__62.0_72.0,0.0,1.0,"Noise"
cpb-aacip-37-g44hm52x8s__iptvtst_19840126_220_DV25_.h264__1215.0_1225.0,1.0,1.0,"Female"
cpb-aacip-15-6m3319s785__barcode101063_.h264__1138.0_1148.0,1.0,1.0,"Female"
cpb-aacip-15-w66930pn87__20110517ERS___1919.0_1929.0,4.0,1.0,"Female"
cpb-aacip-41-68kd5k73.h264__877.0_887.0,2.0,1.0,"Female"
cpb-aacip-15-ws8hd7p46p__barcode53683_.h264__881.0_891.0,3.0,1.0,"Male"
cpb-aacip-60-93ttf8hs.h264__749.0_759.0,1.0,1.0,"Music"
cpb-aacip-138-82k6dx08__334.0_344.0,2.0,1.0,"Male"
cpb-aacip-221-13mw6szm.h264__1649.0_1659.0,1.0,1.0,"Male"
cpb-aacip-221-13mw6szm.h264__1649.0_1659.0,1.0,1.0,"Male"
cpb-aacip-37-97kps3gn.h264__319.0_329.0,3.0,1.0,"Male"
cpb-aacip-111-94hmh2xg.h264__1517.0_1527.0,3.0,1.0,"Multiple Speakers"
cpb-aacip-153-956djvtx.h264__1670.0_1680.0,2.0,1.0,"Female"
cpb-aacip-153-956djvtx.h264__1670.0_1680.0,2.0,1.0,"Female"
cpb-aacip-398-311ns7n7.h264__1111.0_1121.0,1.0,1.0,"Noise"
cpb-aacip-200-73bzkrdx.h264__2214.0_2224.0,2.0,1.0,"Music"
cpb-aacip-15-vt1gh9bp3v__osi04_vid_guinier1_.h264__186.0_196.0,3.0,1.0,"Female"
cpb-aacip-15-gb1xd0r25g__26289-2010_10_21_.h264__2092.0_2102.0,3.0,1.0,"Female"
cpb-aacip-80-27mpgm77__2493.0_2503.0,4.0,1.0,"Male"
cpb-aacip-55-4746q1sr4j__cpb-aacip-55-93gxf08n.mpeg2_.h264__235.0_245.0,4.0,1.0,"Male"
cpb-aacip-43-kd1qf8jw8t__10373105___59.0_69.0,4.0,1.0,"Male"
cpb-aacip-55-v97zk5631m__cpb-aacip-55-36txb014.mpeg2_.h264__517.0_527.0,3.0,1.0,"Music"
cpb-aacip-41-30bvqqz9.h264__442.0_452.0,0.0,1.0,"Male"
cpb-aacip-41-30bvqqz9.h264__442.0_452.0,0.0,1.0,"Male"
cpb-aacip-111-21ghx7d6.h264__45.0_55.0,4.0,1.0,"Male"
cpb-aacip-77-39x0m9vh.h264__160.0_170.0,0.0,1.0,"Music"
cpb-aacip-111-655dvd3z.h264__507.0_517.0,1.0,1.0,"Music"
cpb-aacip-80-278sfszm__1795.0_1805.0,1.0,1.0,"Multiple Speakers"
cpb-aacip-55-b56d21rv7w__cpb-aacip-55-37hqcrvr.mpeg2_.h264__1207.0_1217.0,2.0,1.0,"Male"
cpb-aacip-77-08v9t2pd.h264__1427.0_1437.0,4.0,1.0,"Male"
cpb-aacip-15-6h4cn6z17w__CBS176-991_.h264__101.0_111.0,4.0,1.0,"Male"
cpb-aacip-398-07gqnppx.h264__216.0_226.0,0.0,1.0,"Female"
cpb-aacip-86-95w6mkzk.h264__794.0_804.0,1.0,1.0,"Male"
cpb-aacip-15-mc8rb6w660__barcode107277_.h264__147.0_157.0,0.0,1.0,"Female"
cpb-aacip-15-6m3319s70p__barcode13861_.h264__176.0_186.0,1.0,1.0,"Silence"
cpb-aacip-120-51vdnm71.h264__1207.0_1217.0,0.0,1.0,"Music"
cpb-aacip-80-7312kdpj__1304.0_1314.0,0.0,1.0,"Female"
cpb-aacip-86-000000j6.h264__6.0_16.0,1.0,1.0,"Silence"
cpb-aacip-83-36547pqh.h264__2059.0_2069.0,1.0,1.0,"Male"
cpb-aacip-500-pz51m86g__675.0_685.0,3.0,1.0,"Male"
cpb-aacip-75-11kh1kf8.h264__114.0_124.0,3.0,1.0,"Male"
cpb-aacip-120-90dv4cxt.h264__500.0_510.0,3.0,1.0,"Music"
cpb-aacip-309-38jdfrn2__Fogey__94.0_104.0,1.0,1.0,"Female"
cpb-aacip-41-52j6qmw4.h264__775.0_785.0,3.0,1.0,"Music"
cpb-aacip-41-4302vggk.h264__1355.0_1365.0,1.0,1.0,"Male"
cpb-aacip-75-4298smv9.h264__59.0_69.0,1.0,1.0,"Music"
cpb-aacip-500-gf0mxc4r__211.0_221.0,1.0,1.0,"Male"
cpb-aacip-55-db7vm43654__cpb-aacip-55-69867nz6.mpeg2_.h264__2057.0_2067.0,0.0,1.0,"Male"
cpb-aacip-55-47dr8m9n.h264__593.0_603.0,4.0,1.0,"Female"
cpb-aacip-77-75dbt1cs.h264__1769.0_1779.0,2.0,1.0,"Music"
cpb-aacip-15-ww76t0hc5k__barcode301207-8_.h264__428.0_438.0,4.0,1.0,"Silence"
cpb-aacip-114-76rxwn34.h264__731.0_741.0,3.0,1.0,"Male with background noise"
cpb-aacip-15-8p5v698b5r__26360-2010_11_15Cap1-RAW_.h264__123.0_133.0,4.0,1.0,"Male"
cpb-aacip-55-56n03r61.h264__390.0_400.0,3.0,1.0,"Noise"
cpb-aacip-111-48ffbq03.h264__4051.0_4061.0,2.0,1.0,"Multiple Speakers"
cpb-aacip-41-72p5j360.h264__6.0_16.0,0.0,1.0,"Test tone"
cpb-aacip-15-v69862br63__201202A24A_.h264__83.0_93.0,1.0,1.0,"Male with crowd noise"
cpb-aacip-16-0k2697059c__focus050301a___2373.0_2383.0,4.0,1.0,"Male"
cpb-aacip-129-042rbs84.h264__1286.0_1296.0,4.0,1.0,"Male"
cpb-aacip-333-05s7h56k.h264__424.0_434.0,3.0,1.0,"Noise"
cpb-aacip-333-05s7h56k.h264__424.0_434.0,3.0,1.0,"Noise"
cpb-aacip-75-676t203k.h264__2021.0_2031.0,3.0,1.0,"Male"
cpb-aacip-80-440rzhtb__5148.0_5158.0,3.0,1.0,"Male"
cpb-aacip-15-3r0pr7mv3s__26700_2010_11_17_.h264__708.0_718.0,4.0,1.0,"Male"
cpb-aacip-55-tm71v5c106__cpb-aacip-55-0966tqh3.mpeg2_.h264__2156.0_2166.0,0.0,1.0,"Female"
cpb-aacip-86-51hhmnrz.h264__144.0_154.0,2.0,1.0,"Female"
cpb-aacip-15-zp3vt1h33t__4086-2008_01_28_.h264__2896.0_2906.0,4.0,1.0,"Noise"
cpb-aacip-15-x639z90t1h__barcode83694_.h264__2119.0_2129.0,2.0,1.0,"Female"
cpb-aacip-75-73pvmmqf.h264__347.0_357.0,0.0,1.0,"Music"
cpb-aacip-75-40xpp2fm.h264__437.0_447.0,0.0,1.0,"Male"
cpb-aacip-15-mk6542jj3d__barcode10786_.h264__990.0_1000.0,4.0,1.0,"Male"
cpb-aacip-81-343r26cx.h264__669.0_679.0,1.0,1.0,"Noise"
cpb-aacip-83-17qnkjh4.h264__2241.0_2251.0,0.0,1.0,"Male"
cpb-aacip-16-x05x63bp7x__focus050628a___952.0_962.0,0.0,1.0,"Male"
cpb-aacip-259-7p8tdp8w.h264__874.0_884.0,2.0,1.0,"Female"
cpb-aacip-153-440rz21t.h264__3211.0_3221.0,0.0,1.0,"Male"
cpb-aacip-56-805x6jwm.h264__1805.0_1815.0,0.0,1.0,"Music"
cpb-aacip-129-407wmbb4.h264__251.0_261.0,4.0,1.0,"Male"
cpb-aacip-500-h12v844d__1638.0_1648.0,4.0,1.0,"Male"
cpb-aacip-75-03qv9z1s.h264__779.0_789.0,2.0,1.0,"Male"
cpb-aacip-15-kp7tm72718__16470-2007_11_16_.h264__2282.0_2292.0,2.0,1.0,"Male"
cpb-aacip-77-75r7tz53.h264__1456.0_1466.0,1.0,1.0,"Music"
cpb-aacip-245-14nk9cv9.h264__2795.0_2805.0,0.0,1.0,"Male"
cpb-aacip-15-jd4pk0759b__barcode110561_.h264__574.0_584.0,4.0,1.0,"Male"
cpb-aacip-29-71ngf9pg.h264__1154.0_1164.0,4.0,1.0,"Male"
cpb-aacip-375-37vmd14m__620.0_630.0,3.0,1.0,"Male"
cpb-aacip-309-16c2fsf4__Blood_Is_Thicker_than_Water__53.0_63.0,2.0,1.0,"Female"
cpb-aacip-309-11kh19c0__Bite_the_Bullet__44.0_54.0,3.0,1.0,"Female"
cpb-aacip-204-720cg4wh__918.0_928.0,1.0,1.0,"Female"
cpb-aacip-77-150gc5dv.h264__753.0_763.0,0.0,1.0,"Male"
cpb-aacip-387-82k6dt56.h264__1591.0_1601.0,1.0,1.0,"Female"
cpb-aacip-387-82k6dt56.h264__1591.0_1601.0,1.0,1.0,"Female"
cpb-aacip-426-20ftth09.h264__740.0_750.0,3.0,1.0,"Male"
cpb-aacip-129-82k6dwvq.h264__587.0_597.0,0.0,1.0,"Female"
cpb-aacip-15-4m91834630__barcode49151_clip4_.h264__191.0_201.0,4.0,1.0,"Male and siren"
cpb-aacip-394-79573xgw.h264__1088.0_1098.0,4.0,1.0,"Male"
cpb-aacip-298-77fqzdqp.h264__727.0_737.0,1.0,1.0,"Multiple Speakers"
cpb-aacip-221-45q83mm6.h264__1189.0_1199.0,2.0,1.0,"Male"
cpb-aacip-15-fj29882s71__barcode339920_.h264__496.0_506.0,4.0,1.0,"Crowd"
cpb-aacip-15-7p8tb0xv6r__201201A18A_.h264__81.0_91.0,1.0,1.0,"Male with crowd noise"
cpb-aacip-77-26xwfckd.h264__242.0_252.0,4.0,1.0,"Male"
cpb-aacip-394-08v9s892.h264__1258.0_1268.0,0.0,1.0,"Music"
cpb-aacip-16-8p5v698m7k__focus050418a___691.0_701.0,2.0,1.0,"Male"
cpb-aacip-15-dn3zs2kh1t__21759-2009_05_04_.h264__2876.0_2886.0,0.0,1.0,"Male"
cpb-aacip-204-07tmpgv5__1595.0_1605.0,1.0,1.0,"Music"
cpb-aacip-15-639k35mf5q__200404T05A_.h264__71.0_81.0,0.0,1.0,"Multiple Speakers"
cpb-aacip-15-zg6g15tr81__200503A30A_.h264__90.0_100.0,1.0,1.0,"Female with crowd noise"
cpb-aacip-259-rb6w0x07.h264__2360.0_2370.0,4.0,1.0,"Male"
cpb-aacip-43-203xsnsf__1171.0_1181.0,4.0,1.0,"Male"
cpb-aacip-138-63stqv9h.h264__998.0_1008.0,3.0,1.0,"Silence"
cpb-aacip-138-63stqv9h.h264__998.0_1008.0,3.0,1.0,"Silence"
cpb-aacip-189-08hdr8sm.h264__278.0_288.0,2.0,1.0,"Music"
cpb-aacip-138-26xwdj74__49.0_59.0,4.0,1.0,"Noise"
cpb-aacip-17-05fbh0z5.h264__1049.0_1059.0,1.0,1.0,"Female"
cpb-aacip-17-05fbh0z5.h264__1049.0_1059.0,1.0,1.0,"Female"
cpb-aacip-77-805x79fv.h264__816.0_826.0,3.0,1.0,"Multiple Speakers"
cpb-aacip-15-k649p2wg56__ABC10370_.h264__378.261_388.261,0.0,1.0,"Silence"
cpb-aacip-394-31qfv27m.h264__1740.0_1750.0,2.0,1.0,"Male"
cpb-aacip-15-17crjpmm.h264__30.0_40.0,4.0,1.0,"Male"
cpb-aacip-29-5370s4kk.h264__2086.0_2096.0,4.0,1.0,"Male"
cpb-aacip-15-qr4nk36c5v__phy03_vid_desprocess_.h264__138.0_148.0,0.0,1.0,"Male"
cpb-aacip-55-80ht86rw.h264__73.0_83.0,4.0,1.0,"Music"
cpb-aacip-41-59q2c31w.h264__1368.0_1378.0,2.0,1.0,"Male"
cpb-aacip-15-k93125qj4r__201104A29A_.h264__51.0_61.0,4.0,1.0,"Male"
cpb-aacip-387-75r7t021.h264__150.0_160.0,1.0,1.0,"Female"
cpb-aacip-114-881jx2h7.h264__657.0_667.0,0.0,1.0,"Male"
cpb-aacip-283-36tx9dhs.h264__149.0_159.0,1.0,1.0,"Music"
cpb-aacip-41-569328dk.h264__1225.0_1235.0,4.0,1.0,"Male"
cpb-aacip-225-04rjdgkb.h264__2953.0_2963.0,0.0,1.0,"Female"
cpb-aacip-225-04rjdgkb.h264__2953.0_2963.0,0.0,1.0,"Female"
cpb-aacip-41-85n8q2bf.h264__1091.0_1101.0,3.0,1.0,"Noise"
cpb-aacip-17-848pm1fs.h264__1059.0_1069.0,0.0,1.0,"Female"
cpb-aacip-15-251fj29c9g__26284-2010_11_01Cap2-RAW_.h264__1.0_11.0,0.0,1.0,"Silence"
cpb-aacip-217-27zkh414.h264__557.0_567.0,2.0,1.0,"Male"
cpb-aacip-86-278sfbnc.h264__1697.0_1707.0,4.0,1.0,"Noise"
cpb-aacip-500-4j0b0r6m__1525.0_1535.0,1.0,1.0,"Male"
cpb-aacip-129-504xh618.h264__625.0_635.0,4.0,1.0,"Male"
cpb-aacip-35-44bnzxvt.h264__1397.0_1407.0,3.0,1.0,"Music"
cpb-aacip-15-73bzkx9d__2974.0_2984.0,0.0,1.0,"Music"
cpb-aacip-189-97xksxz7.h264__202.0_212.0,4.0,1.0,"Male with crowd noise"
cpb-aacip-41-74qjqqtb.h264__848.0_858.0,0.0,1.0,"Music"
cpb-aacip-15-r785h7ck9x__20110622ERS___2083.0_2093.0,0.0,1.0,"Female"
cpb-aacip-29-547pvt14.h264__39.0_49.0,0.0,1.0,"Music"
cpb-aacip-254-6663z0bn.h264__1050.0_1060.0,3.0,1.0,"Male"
cpb-aacip-394-81jhb613.h264__2094.0_2104.0,1.0,1.0,"Music"
cpb-aacip-15-jh3cz32c4m__barcode9575_clip2_.h264__422.0_432.0,4.0,1.0,"Male"
cpb-aacip-43-z892805m08__10564109___104.0_114.0,1.0,1.0,"Multiple Speakers"
cpb-aacip-245-51hhmpxp.h264__571.0_581.0,3.0,1.0,"Male with crowd noise"
cpb-aacip-394-05s7h8n0.h264__700.0_710.0,2.0,1.0,"Male with noise"
cpb-aacip-15-83kwhp9r__472.0_482.0,2.0,1.0,"Male"
cpb-aacip-17-322bwj4r.h264__1370.0_1380.0,3.0,1.0,"Male"
cpb-aacip-43-f18sb3x765__10562389___6.0_16.0,1.0,1.0,"Female"
cpb-aacip-16-ht2g737j5s__focus050630a___11.0_21.0,3.0,1.0,"Male"
cpb-aacip-55-655dw1kd.h264__1509.0_1519.0,4.0,1.0,"Male"
cpb-aacip-55-655dw1kd.h264__1509.0_1519.0,4.0,1.0,"Male with noise"
cpb-aacip-30-g15t727s01__tdb_interviews_19700314___387.0_397.0,2.0,1.0,"Multiple Speakers"
cpb-aacip-15-kd1qf8jp57__WGBH-310344-1_.h264__201.0_211.0,3.0,1.0,"Noise"
cpb-aacip-254-34fn3227.h264__419.0_429.0,4.0,1.0,"Male"
cpb-aacip-41-92t4bt6m.h264__1094.0_1104.0,0.0,1.0,"Male"
cpb-aacip-151-ks6j09wq0x__fma-2-76301-pres-20131119__3173.0_3183.0,1.0,1.0,"Male"
cpb-aacip-37-32r4xkx5.h264__1186.0_1196.0,0.0,1.0,"Male"
cpb-aacip-378-35gb5qnh.h264__1080.0_1090.0,4.0,1.0,"Male"
cpb-aacip-309-8279cwrt__01_Paul_Rishell_Annie_Raines_Interview__150.0_160.0,1.0,1.0,"Multiple Speakers"
cpb-aacip-15-9351cn52.h264__1292.0_1302.0,1.0,1.0,"Female"
cpb-aacip-15-j678s4jz2s__23222-2010_01_06_.h264__1646.0_1656.0,1.0,1.0,"Male"
cpb-aacip-15-9zk55k80__236982_20130514TW__2476.0_2486.0,0.0,1.0,"Male"
cpb-aacip-217-32d7wrc5.h264__204.0_214.0,1.0,1.0,"Male"
cpb-aacip-15-3r0pr7mt1w__barcode301262-1_.h264__222.0_232.0,3.0,1.0,"Male"
cpb-aacip-15-z02z31pd0w__20130910TW5PM___3396.0_3406.0,3.0,1.0,"Male"
cpb-aacip-129-655dvdxb.h264__90.0_100.0,2.0,1.0,"Silence"
cpb-aacip-41-644qrsv1.h264__2417.0_2427.0,4.0,1.0,"Silence"
cpb-aacip-80-53jwthdq__5831.0_5841.0,4.0,1.0,"Male"
cpb-aacip-55-69z09dr7.h264__2656.0_2666.0,1.0,1.0,"Music"
cpb-aacip-394-74qjqh4c.h264__55.0_65.0,0.0,1.0,"Male"
cpb-aacip-15-h12v40k50d__ess05_vid_riseset_.h264__25.0_35.0,2.0,1.0,"Music"
cpb-aacip-15-418kq3fw__3631.0_3641.0,1.0,1.0,"Male"
cpb-aacip-60-59189bdn.h264__1961.0_1971.0,3.0,1.0,"Male"
cpb-aacip-55-23vt51d1.h264__2522.0_2532.0,4.0,1.0,"Female"
cpb-aacip-55-31cjtrp4.h264__112.0_122.0,2.0,1.0,"Male"
cpb-aacip-77-579s5rkx.h264__942.0_952.0,1.0,1.0,"Male"
cpb-aacip-43-w950g3hk1p__10406722___301.0_311.0,1.0,1.0,"Male"
cpb-aacip-55-h707w67m1n__cpb-aacip-55-03228r91.mpeg2_.h264__484.0_494.0,0.0,1.0,"Female"
cpb-aacip-55-sx6445hz3t__cpb-aacip-55-18rbpqtz.mpeg2_.h264__3392.0_3402.0,1.0,1.0,"Male"
cpb-aacip-41-5370s6vv.h264__1029.0_1039.0,3.0,1.0,"Female"
cpb-aacip-293-9882j68g9j__hut00000062001_.h264__598.0_608.0,1.0,1.0,"Male"
cpb-aacip-138-956djw60.h264__1145.0_1155.0,1.0,1.0,"Female"
cpb-aacip-15-gm81j97h5p__barcode81969-2_.h264__119.0_129.0,2.0,1.0,"Noise"
cpb-aacip-75-34fn35w8.h264__4834.0_4844.0,4.0,1.0,"Music"
cpb-aacip-15-rj48p5vk9c__Glenn_Kent2_Interview_Merged_.h264__2651.0_2661.0,3.0,1.0,"Male"
cpb-aacip-77-50tqkkws.h264__1168.0_1178.0,2.0,1.0,"Male"
cpb-aacip-15-513tt4ft1w__barcode334931_6_.h264__239.0_249.0,3.0,1.0,"Music"
cpb-aacip-116-439zw7gh__1239.0_1249.0,0.0,1.0,"Male"
cpb-aacip-500-kw57jd2k__403.0_413.0,0.0,1.0,"Male"
cpb-aacip-500-x34mr101__1673.0_1683.0,2.0,1.0,"Male"
cpb-aacip-114-9351cfr6.h264__2279.0_2289.0,4.0,1.0,"Music"
cpb-aacip-29-5370s50h.h264__503.0_513.0,2.0,1.0,"Male"
cpb-aacip-15-833mw28h5s__10372-2009_02_11_.h264__79.0_89.0,2.0,1.0,"Male"
cpb-aacip-283-10wpzn3v.h264__1290.0_1300.0,3.0,1.0,"Female"
cpb-aacip-43-513tt4fz10__10359401___102.0_112.0,3.0,1.0,"Male"
cpb-aacip-52-784j16sw.h264__430.0_440.0,4.0,1.0,"Male"
cpb-aacip-111-22h70xrq.h264__2054.0_2064.0,4.0,1.0,"Silence"
cpb-aacip-29-639k35mm9b__WCWW2-157_.h264__1272.0_1282.0,3.0,1.0,"Male"
cpb-aacip-16-46254fm0.h264__1390.0_1400.0,1.0,1.0,"Silence"
cpb-aacip-43-51vdnnk4__1683.0_1693.0,4.0,1.0,"Male"
cpb-aacip-15-7d2q52ff7b__barcode50390_fix_.h264__608.0_618.0,4.0,1.0,"Male"
cpb-aacip-50-805x6m7b__1691.0_1701.0,1.0,1.0,"Music"
cpb-aacip-15-x05x63bw4n__IHUB-A___813.0_823.0,1.0,1.0,"Female"
cpb-aacip-75-902z3k8r.h264__371.0_381.0,0.0,1.0,"Silence"
cpb-aacip-17-021c62bw.h264__408.0_418.0,2.0,1.0,"Male"
cpb-aacip-309-816m97g2__Jim_Averitt_Duke_Sharp12-02-97__1539.0_1549.0,0.0,1.0,"Music"
cpb-aacip-309-278sfb75__Reduplication__9.0_19.0,0.0,1.0,"Music"
cpb-aacip-41-38w9h1h3.h264__1122.0_1132.0,4.0,1.0,"Crowd"
cpb-aacip-55-tb0xp6vj95__cpb-aacip-55-79574grb.mpeg2_.h264__676.0_686.0,1.0,1.0,"Silence"
cpb-aacip-259-c24qnp2q.h264__632.0_642.0,0.0,1.0,"Male"
cpb-aacip-500-5t3g2h8f__593.0_603.0,2.0,1.0,"Male"
cpb-aacip-387-042rbpnc.h264__712.0_722.0,2.0,1.0,"Silence"
cpb-aacip-111-91fj727p.h264__1286.0_1296.0,3.0,1.0,"Multiple Speakers"
cpb-aacip-15-2z12n4zj7t__23215-2009_12_09_.h264__135.0_145.0,2.0,1.0,"Female"
cpb-aacip-129-31qfv1px.h264__405.0_415.0,2.0,1.0,"Male"
cpb-aacip-304-18dfndh6.h264__3997.0_4007.0,3.0,1.0,"Noise"
cpb-aacip-259-pc2t7s4w.h264__2713.0_2723.0,1.0,1.0,"Male with crowd noise"
cpb-aacip-43-04dncznh__1116.0_1126.0,3.0,1.0,"Female"
cpb-aacip-77-773tzfpm.h264__1603.0_1613.0,1.0,1.0,"Music"
cpb-aacip-426-19f4qtcj.h264__970.0_980.0,1.0,1.0,"Male with noise"
cpb-aacip-75-4298sqqh.h264__155.0_165.0,1.0,1.0,"Male"
cpb-aacip-22-38w9gnq2.h264__827.0_837.0,4.0,1.0,"Male"
cpb-aacip-129-66vx0wbw.h264__746.0_756.0,0.0,1.0,"Female"
cpb-aacip-15-qr4nk36d82__mck04_vid_genbenefits_.h264__151.0_161.0,0.0,1.0,"Female"
cpb-aacip-394-150gb7gs.h264__1537.0_1547.0,0.0,1.0,"Male"
cpb-aacip-41-4947dkbz.h264__1496.0_1506.0,1.0,1.0,"Male"
cpb-aacip-55-924b9f4x.h264__190.0_200.0,3.0,1.0,"Music"
cpb-aacip-41-06g1k5sp.h264__798.0_808.0,4.0,1.0,"Male"
cpb-aacip-309-8279cwrt__01_Paul_Rishell_Annie_Raines_Interview__665.0_675.0,3.0,1.0,"Multiple Speakers"
cpb-aacip-309-8279cwrt__01_Paul_Rishell_Annie_Raines_Interview__665.0_675.0,3.0,1.0,"Multiple Speakers"
cpb-aacip-55-009w1jr3.h264__281.0_291.0,0.0,1.0,"Music"
cpb-aacip-81-32d7wqb3.h264__57.0_67.0,0.0,1.0,"Music"
cpb-aacip-81-32d7wqb3.h264__57.0_67.0,0.0,1.0,"Music"
cpb-aacip-75-623bkjz5.h264__1468.0_1478.0,4.0,1.0,"Crowd"
cpb-aacip-309-65v6x3dh__5011PR__8.0_18.0,4.0,1.0,"Music"
cpb-aacip-257-66vx0t1q.h264__1079.0_1089.0,4.0,1.0,"Multiple Speakers"
cpb-aacip-15-qn5z60c79t__26361-2010_11_16_.h264__2382.0_2392.0,4.0,1.0,"Female"
cpb-aacip-225-54kkwp1b.h264__1630.0_1640.0,0.0,1.0,"Music"
cpb-aacip-83-25x6b4fp.h264__1901.0_1911.0,3.0,1.0,"Male"
cpb-aacip-22-38w9gnq2.h264__2660.0_2670.0,1.0,1.0,"Male"
cpb-aacip-75-16c2g38c.h264__118.0_128.0,3.0,1.0,"Male"
cpb-aacip-41-2908m5b7.h264__300.0_310.0,2.0,1.0,"Crowd laughter"
cpb-aacip-398-91sf7wbm.h264__734.0_744.0,2.0,1.0,"Silence"
cpb-aacip-120-32r4xpgh.h264__642.0_652.0,0.0,1.0,"Male"
cpb-aacip-15-386hf3d3__1873.0_1883.0,0.0,1.0,"Male"
cpb-aacip-394-97xkt0sk.h264__735.0_745.0,1.0,1.0,"Male"
cpb-aacip-15-19s1rx1j.h264__320.0_330.0,0.0,1.0,"Male"
cpb-aacip-500-z31nmw5k__200.0_210.0,3.0,1.0,"Male with crowd noise"
cpb-aacip-85-24wh735p.h264__3115.0_3125.0,4.0,1.0,"Male"
cpb-aacip-15-kd1qf8jq9r__26784-2010_12_01_.h264__554.0_564.0,2.0,1.0,"Male"
cpb-aacip-15-fj29882t1f__19962-2009_06_08_.h264__3075.0_3085.0,2.0,1.0,"Female"
cpb-aacip-129-021c5drw.h264__677.0_687.0,1.0,1.0,"Music"
cpb-aacip-398-78tb31dr.h264__379.0_389.0,4.0,1.0,"Silence"
cpb-aacip-15-q52f766j8v__barcode49433_.h264__1101.0_1111.0,3.0,1.0,"Male"
cpb-aacip-15-cc0tq5rh53__200304A40A_.h264__130.068_140.068,0.0,1.0,"Male"
cpb-aacip-41-6663z5tv.h264__1074.0_1084.0,0.0,1.0,"Male"
cpb-aacip-15-707wm1472c__3985-2006_07_23___530.0_540.0,2.0,1.0,"Music"
cpb-aacip-41-77fqzmqq.h264__3186.0_3196.0,2.0,1.0,"Male"
cpb-aacip-55-kp7tm72d0b__cpb-aacip-55-719kf2fs.mpeg2_.h264__547.0_557.0,1.0,1.0,"Female with crowd noise"
cpb-aacip-394-12z35090.h264__489.0_499.0,2.0,1.0,"Male"
cpb-aacip-500-gx44vt61__1267.957_1277.957,4.0,1.0,"Male"
cpb-aacip-221-40ksn7n1.h264__1557.0_1567.0,4.0,1.0,"Female"
cpb-aacip-86-56n031m3.h264__1326.0_1336.0,3.0,1.0,"Male"
cpb-aacip-217-46254crr.h264__2854.0_2864.0,2.0,1.0,"Male"
cpb-aacip-500-901zhm9r__1637.0_1647.0,3.0,1.0,"Music"
cpb-aacip-500-m61bq97p__964.0_974.0,1.0,1.0,"Music"
cpb-aacip-15-cj87h1dr76__barcode301178-2_.h264__945.0_955.0,2.0,1.0,"Male"
cpb-aacip-500-v698bk5r__130.0_140.0,4.0,1.0,"Male"
cpb-aacip-151-hm52f7kc67__fma-2-69177-pres-20130329_.h264__5.0_15.0,1.0,1.0,"Silence"
cpb-aacip-15-92t4brz0.h264__779.0_789.0,1.0,1.0,"Music"
cpb-aacip-114-51hhmn7f.h264__535.0_545.0,2.0,1.0,"Male"
cpb-aacip-85-27mpg72n.h264__215.0_225.0,3.0,1.0,"Male"
cpb-aacip-15-0k2696zz6b__201101T07A_.h264__19.0_29.0,3.0,1.0,"Female with crowd noise"
cpb-aacip-259-319s4s65.h264__898.0_908.0,3.0,1.0,"Male"
cpb-aacip-43-kk9474767s__10401227___155.0_165.0,2.0,1.0,"Male"
cpb-aacip-129-40xpp4dr.h264__312.0_322.0,2.0,1.0,"Male"
cpb-aacip-500-vm42wq5t__513.0_523.0,2.0,1.0,"Silence"
cpb-aacip-153-021c5dqq.h264__294.0_304.0,4.0,1.0,"Male with crowd noise"
cpb-aacip-85-44bnzx5x.h264__625.0_635.0,1.0,1.0,"Male"
cpb-aacip-500-f18sgd73__42.0_52.0,4.0,1.0,"Male"
cpb-aacip-15-26xwdm9r.h264__1249.0_1259.0,2.0,1.0,"Multiple Speakers"
cpb-aacip-309-60qrfqk6__On_the_Blink__4.0_14.0,3.0,1.0,"Music"
cpb-aacip-41-719kdhdz.h264__3.0_13.0,4.0,1.0,"Silence"
cpb-aacip-259-zk55jp07.h264__316.0_326.0,2.0,1.0,"Male"
cpb-aacip-15-9z31nn3m__240747_20130613TW3pm__1736.0_1746.0,2.0,1.0,"Music"
cpb-aacip-41-09j3v9qq.h264__200.0_210.0,3.0,1.0,"Male"
cpb-aacip-15-3j3901zh6q__20842_.h264__102.0_112.0,3.0,1.0,"Male"
cpb-aacip-37-09w0vvc5.h264__952.0_962.0,2.0,1.0,"Music"
cpb-aacip-41-859cp5hg.h264__2895.0_2905.0,4.0,1.0,"Music"
cpb-aacip-394-278sfbcj.h264__188.0_198.0,1.0,1.0,"Male"
cpb-aacip-384-354f4w2m.h264__1372.0_1382.0,4.0,1.0,"Male with crowd noise"
cpb-aacip-15-009w12dh.h264__3001.0_3011.0,2.0,1.0,"Male"
cpb-aacip-129-655dvdxb.h264__90.0_100.0,0.0,1.0,"Female"
cpb-aacip-15-2r3nv99q1z__20100111CCS___1253.0_1263.0,0.0,1.0,"Female"
cpb-aacip-43-qj77s7j88g__10352971___7.386_17.386,1.0,1.0,"Male"
cpb-aacip-131-32d7wq3f.h264__756.0_766.0,0.0,1.0,"Female"
cpb-aacip-15-k649p2wd9w__barcode50391_.h264__435.0_445.0,3.0,1.0,"Silence"
cpb-aacip-259-7w67640g.h264__3050.0_3060.0,3.0,1.0,"Male"
cpb-aacip-15-106wwxth__3953.0_3963.0,2.0,1.0,"Male"
cpb-aacip-15-t14th8bw50__16957-2008_09_18_.h264__2046.0_2056.0,3.0,1.0,"Male"
cpb-aacip-235-580k7dh5__5253.0_5263.0,3.0,1.0,"Male"
cpb-aacip-37-3775t3g777__iptvtst_19851205_409_DV25_.h264__619.0_629.0,0.0,1.0,"Not Sure"
cpb-aacip-15-z60bv7bq0q__IHUB-0615-B___2924.0_2934.0,3.0,1.0,"Female"
cpb-aacip-15-t14th8bw50__16957-2008_09_18_.h264__2046.0_2056.0,3.0,1.0,"Male"
cpb-aacip-153-752fr68d.h264__164.0_174.0,3.0,1.0,"Male"
cpb-aacip-41-90rr56gn.h264__409.0_419.0,2.0,1.0,"Female"
cpb-aacip-29-612ngm9g.h264__293.0_303.0,4.0,1.0,"Noise"
cpb-aacip-245-93gxdcns.h264__253.0_263.0,1.0,1.0,"Music"
cpb-aacip-83-881jxdg4.h264__485.0_495.0,2.0,1.0,"Female"
cpb-aacip-81-35gb5rvg.h264__18.0_28.0,0.0,1.0,"Female"
cpb-aacip-153-752fr68d.h264__164.0_174.0,3.0,1.0,"Male"
cpb-aacip-259-sb3wwt4s.h264__560.0_570.0,4.0,1.0,"Female"
cpb-aacip-55-24wh7szh.h264__1119.0_1129.0,2.0,1.0,"Music"
cpb-aacip-15-8k74t6f705__26360-2010_11_15Cap15-RAW_.h264__88.0_98.0,0.0,1.0,"Male"
cpb-aacip-120-46qz67k0.h264__588.0_598.0,1.0,1.0,"Female"
cpb-aacip-41-09w0w2tk.h264__409.0_419.0,3.0,1.0,"Female"
cpb-aacip-55-73bzmf5m.h264__604.0_614.0,3.0,1.0,"Music"
cpb-aacip-221-78gf27v7.h264__1354.0_1364.0,1.0,1.0,"Multiple Speakers"
cpb-aacip-387-82k6dt56.h264__465.0_475.0,2.0,1.0,"Music"
cpb-aacip-15-w08w950z55__200703A14A_.h264__90.0_100.0,4.0,1.0,"Male with crowd noise"
cpb-aacip-15-45q83pqb__362.0_372.0,3.0,1.0,"Male"
cpb-aacip-225-08hdr8ww.h264__899.0_909.0,4.0,1.0,"Male"
cpb-aacip-15-0g3gx44t08__201201A01A_.h264__45.0_55.0,1.0,1.0,"Male"
cpb-aacip-43-83kwhp92__1125.0_1135.0,4.0,1.0,"Male"
cpb-aacip-394-54kkwp2w.h264__865.0_875.0,4.0,1.0,"Male with echo"
cpb-aacip-500-5q4rp69x__241.0_251.0,2.0,1.0,"Female"
cpb-aacip-500-5q4rp69x__241.0_251.0,2.0,1.0,"Female"
