'Media file basename',Start,Duration,'Label'
spe_1995_0423_clinton,40.0,1.0,"Bill Clinton"
spe_1995_1127_clinton,237.0,1.0,"Bill Clinton"
spe_1995_1016_clinton,1044.0,1.0,"Bill Clinton"
spe_1995_0124_clinton,2955.0,1.0,"Bill Clinton"
spe_1996_1103_clinton,437.0,1.0,"Bill Clinton"
spe_1994_0606_clinton,550.0,1.0,"Bill Clinton with noise"
spe_1996_0829_clinton,3028.0,1.0,"Bill Clinton"
spe_1994_0125_clinton,2350.0,1.0,"Bill Clinton"
spe_1999_0324_clinton,84.0,1.0,"Bill Clinton"
spe_1996_0625_clinton,7.0,1.0,"Silence"
spe_1996_0829_clinton,1923.0,1.0,"Bill Clinton"
spe_1995_1130_clinton,1428.0,1.0,"Bill Clinton"
spe_1999_0610_clinton,122.0,1.0,"Bill Clinton"
spe_1996_0829_clinton,1941.0,1.0,"Bill Clinton"
spe_1996_1006_clinton,2184.0,1.0,"Bill Clinton"
spe_1993_0129_clinton,887.0,1.0,"Bill Clinton"
spe_1993_0922_clinton,1004.0,1.0,"Applause"
spe_1993_0205_clinton,313.0,1.0,"Bill Clinton"
spe_1994_0712_clinton,501.0,1.0,"Bill Clinton"
spe_1995_0124_clinton,4017.0,1.0,"Bill Clinton"
spe_1993_1007_clinton,292.0,1.0,"Bill Clinton"
spe_2000_0127_clinton,3278.0,1.0,"Bill Clinton"
spe_1997_0422_clinton,35.0,1.0,"Bill Clinton"
spe_1993_0922_clinton,1456.0,1.0,"Bill Clinton"
spe_1999_0610_clinton,20.0,1.0,"Bill Clinton"
spe_1993_0913_clinton,1338.0,1.0,"Male"
spe_1996_1103_clinton,1263.0,1.0,"Bill Clinton"
spe_2000_0127_clinton,4797.0,1.0,"Male"
spe_1998_0817_clinton,76.0,1.0,"Male"
spe_1998_0126_clinton,423.0,1.0,"Silence"
spe_1998_0817_clinton,165.0,1.0,"Breath"
spe_1994_0125_clinton,2925.0,1.0,"Bill Clinton"
spe_1993_0129_clinton,320.0,1.0,"Bill Clinton"
spe_1998_0323_clinton,136.0,1.0,"Bill Clinton"
spe_1994_0606_clinton,449.0,1.0,"Bill Clinton"
spe_1993_0505_clinton,248.0,1.0,"Bill Clinton"
spe_1999_0324_clinton,757.0,1.0,"Bill Clinton"
spe_1995_1127_clinton,886.0,1.0,"Bill Clinton"
spe_1996_1006_clinton,4034.0,1.0,"Bill Clinton"
spe_1999_0324_clinton,566.0,1.0,"Bill Clinton"
spe_2001_0118_clinton,58.0,1.0,"Bill Clinton"
spe_1995_1130_clinton,355.0,1.0,"Bill Clinton"
spe_1993_0205_clinton,106.0,1.0,"Bill Clinton"
spe_1995_1130_clinton,492.0,1.0,"Bill Clinton"
spe_1994_0606_clinton,474.0,1.0,"Bill Clinton with noise"
spe_1995_0124_clinton,662.0,1.0,"Bill Clinton"
spe_1994_0125_clinton,1543.0,1.0,"Bill Clinton"
spe_1999_0324_clinton,551.0,1.0,"Bill Clinton"
spe_1998_0817_clinton,245.0,1.0,"Bill Clinton"
spe_1994_0606_clinton,584.0,1.0,"Bill Clinton with noise"
spe_1995_1130_clinton,28.0,1.0,"Shutter clicks"
spe_1993_0913_clinton,136.0,1.0,"Bill Clinton"
spe_1995_0423_clinton,390.0,1.0,"Bill Clinton"
spe_1999_0324_clinton,561.0,1.0,"Bill Clinton"
spe_1993_0913_clinton,2241.0,1.0,"Male"
spe_1998_0323_clinton,462.0,1.0,"Bill Clinton"
spe_1999_0610_clinton,215.0,1.0,"Bill Clinton"
spe_1995_1016_clinton,1985.0,1.0,"Applause"
spe_1993_0922_clinton,427.0,1.0,"Bill Clinton"
spe_2000_0127_clinton,29.0,1.0,"Applause"
spe_1999_0119_clinton,3755.0,1.0,"Bill Clinton"
spe_2000_0127_clinton,3247.0,1.0,"Bill Clinton"
spe_1994_0125_clinton,2390.0,1.0,"Bill Clinton"
spe_1997_0422_clinton,99.0,1.0,"Bill Clinton"
spe_1999_0119_clinton,1327.0,1.0,"Bill Clinton"
spe_1993_0120_clinton,574.0,1.0,"Bill Clinton"
spe_1998_0126_clinton,70.0,1.0,"Bill Clinton"
spe_1993_0913_clinton,3151.0,1.0,"Male"
spe_1994_0606_clinton,114.0,1.0,"Bill Clinton with noise"
spe_1995_0423_clinton,26.0,1.0,"Silence"
spe_1993_0505_clinton,10.0,1.0,"Silence"
spe_1996_1103_clinton,333.0,1.0,"Silence"
spe_1999_0119_clinton,2314.0,1.0,"Bill Clinton"
spe_1993_1113_clinton,1353.0,1.0,"Bill Clinton"
spe_1996_0625_clinton,224.0,1.0,"Bill Clinton"
spe_1996_0829_clinton,1392.0,1.0,"Applause"
spe_1994_0712_clinton,15.0,1.0,"Bill Clinton with noise"
spe_1995_1130_clinton,1018.0,1.0,"Bill Clinton"
spe_1993_0205_clinton,23.0,1.0,"Silence"
spe_1993_0205_clinton,253.0,1.0,"Bill Clinton"
spe_1993_0217_clinton,302.0,1.0,"Bill Clinton with noise"
spe_1993_0505_clinton,280.0,1.0,"Bill Clinton"
spe_1999_0610_clinton,66.0,1.0,"Bill Clinton"
spe_1995_0719_clinton,2227.0,1.0,"Bill Clinton"
spe_1993_0913_clinton,398.0,1.0,"Bill Clinton"
spe_1998_0817_clinton,27.0,1.0,"Bill Clinton"
spe_1993_0913_clinton,2853.0,1.0,"Male"
spe_1998_0325_clinton,224.0,1.0,"Silence"
spe_1995_0124_clinton,4128.0,1.0,"Applause"
spe_1995_0423_clinton,199.0,1.0,"Silence"
spe_1996_1103_clinton,1175.0,1.0,"Silence"
spe_1998_0323_clinton,292.0,1.0,"Bill Clinton with noise"
spe_1998_0325_clinton,647.0,1.0,"Applause"
spe_1993_0922_clinton,1626.0,1.0,"Bill Clinton with noise"
spe_1995_1127_clinton,955.0,1.0,"Bill Clinton"
spe_1994_0606_clinton,604.0,1.0,"Bill Clinton with noise"
spe_1993_1208_clinton,297.0,1.0,"Bill Clinton"
spe_1993_0129_clinton,218.0,1.0,"Bill Clinton"
spe_1999_0610_clinton,327.0,1.0,"Bill Clinton"
spe_1996_0123_clinton,2429.0,1.0,"Applause"
spe_1996_0123_clinton,2429.0,1.0,"Applause"
spe_1993_1208_clinton,723.0,1.0,"Bill Clinton"
spe_1993_0505_clinton,154.0,1.0,"Applause"
spe_2000_0127_clinton,1484.0,1.0,"Bill Clinton"
spe_1993_0505_clinton,110.0,1.0,"Bill Clinton"
spe_1993_0922_clinton,1290.0,1.0,"Bill Clinton"
spe_1995_0719_clinton,2029.0,1.0,"Bill Clinton"
spe_1995_0423_clinton,423.0,1.0,"Bill Clinton with noise"
spe_1993_0505_clinton,157.0,1.0,"Bill Clinton"
spe_1993_0129_clinton,839.0,1.0,"Bill Clinton"
spe_1993_1208_clinton,527.0,1.0,"Bill Clinton"
spe_2001_0118_clinton,438.0,1.0,"Bill Clinton with noise"
spe_1999_0324_clinton,761.0,1.0,"Bill Clinton"
spe_1998_0817_clinton,39.0,1.0,"Bill Clinton"
spe_1993_0913_clinton,1849.0,1.0,"Bill Clinton"
spe_1999_0119_clinton,3636.0,1.0,"Bill Clinton with noise"
spe_1998_0127_clinton,1719.0,1.0,"Applause"
spe_1995_0423_clinton,326.0,1.0,"Applause"
spe_1993_0120_clinton,322.0,1.0,"Bill Clinton"
spe_1993_0205_clinton,99.0,1.0,"Bill Clinton"
spe_1993_0922_clinton,2001.0,1.0,"Bill Clinton"
spe_1995_0423_clinton,530.0,1.0,"Bill Clinton"
spe_1998_0817_clinton,164.0,1.0,"Bill Clinton"
spe_1993_0205_clinton,141.0,1.0,"Bill Clinton"
spe_1997_0120_clinton,1139.0,1.0,"Silence"
spe_1993_0129_clinton,919.0,1.0,"Silence"
spe_1996_0829_clinton,3832.0,1.0,"Applause"
spe_1993_1113_clinton,1554.0,1.0,"Bill Clinton"
spe_1993_0120_clinton,322.0,1.0,"Bill Clinton"
spe_1995_1127_clinton,62.0,1.0,"Bill Clinton"
spe_1993_0430_clinton,427.0,1.0,"Bill Clinton"
spe_1999_0610_clinton,60.0,1.0,"Bill Clinton"
spe_1993_0606_clinton,269.0,1.0,"Bill Clinton with noise"
spe_1993_0606_clinton,269.0,1.0,"Bill Clinton with noise"
spe_1995_0719_clinton,145.0,1.0,"Bill Clinton"
spe_1996_0829_clinton,2517.0,1.0,"Bill Clinton"
spe_1993_0129_clinton,483.0,1.0,"Bill Clinton"
spe_1998_0325_clinton,1111.0,1.0,"Bill Clinton with noise"
spe_1993_0606_clinton,220.0,1.0,"Bill Clinton"
spe_2000_0127_clinton,5309.0,1.0,"Silence"
spe_1995_0719_clinton,2512.0,1.0,"Bill Clinton"
spe_1997_0422_clinton,463.0,1.0,"Bill Clinton"
spe_1998_0325_clinton,772.0,1.0,"Bill Clinton"
spe_1994_0712_clinton,194.0,1.0,"Bill Clinton"
spe_1993_1007_clinton,384.0,1.0,"Bill Clinton"
spe_1993_0217_clinton,2066.0,1.0,"Bill Clinton with noise"
spe_1996_1006_clinton,1485.0,1.0,"Bill Clinton"
spe_1997_0204_clinton,3042.0,1.0,"Bill Clinton"
spe_1993_0120_clinton,856.0,1.0,"Bill Clinton"
spe_1995_0719_clinton,2042.0,1.0,"Bill Clinton"
spe_1995_0423_clinton,332.0,1.0,"Applause"
spe_1993_1007_clinton,285.0,1.0,"Bill Clinton"
spe_1993_1007_clinton,285.0,1.0,"Bill Clinton"
spe_1995_0124_clinton,3566.0,1.0,"Bill Clinton"
spe_1994_0125_clinton,2358.0,1.0,"Bill Clinton"
spe_1994_0125_clinton,2358.0,1.0,"Bill Clinton"
spe_1996_1103_clinton,1093.0,1.0,"Applause"
spe_1995_1130_clinton,1274.0,1.0,"Bill Clinton"
spe_1993_0129_clinton,364.0,1.0,"Bill Clinton"
spe_2000_0127_clinton,4487.0,1.0,"Bill Clinton"
spe_2000_0127_clinton,853.0,1.0,"Applause"
spe_1997_0204_clinton,2214.0,1.0,"Applause"
spe_1993_0430_clinton,1581.0,1.0,"Bill Clinton"
spe_1994_0606_clinton,518.0,1.0,"Bill Clinton with noise"
spe_1993_0120_clinton,464.0,1.0,"Bill Clinton"
spe_1993_0505_clinton,351.0,1.0,"Bill Clinton"
spe_1994_0606_clinton,323.0,1.0,"Bill Clinton with noise"
spe_1998_0817_clinton,7.0,1.0,"Silence"
spe_1996_1006_clinton,885.0,1.0,"Male"
spe_1996_0829_clinton,586.0,1.0,"Applause"
spe_1993_0913_clinton,3349.0,1.0,"Male"
spe_2001_0118_clinton,33.0,1.0,"Bill Clinton with noise"
spe_1999_0610_clinton,186.0,1.0,"Bill Clinton"
spe_1994_0125_clinton,1584.0,1.0,"Silence"
spe_1995_1127_clinton,970.0,1.0,"Bill Clinton"
spe_1995_1127_clinton,970.0,1.0,"Bill Clinton"
spe_1993_1007_clinton,222.0,1.0,"Bill Clinton"
spe_1998_0127_clinton,955.0,1.0,"Applause"
spe_1993_0129_clinton,698.0,1.0,"Bill Clinton"
spe_1996_1103_clinton,659.0,1.0,"Applause"
spe_1993_1113_clinton,1812.0,1.0,"Bill Clinton"
spe_1993_0606_clinton,411.0,1.0,"Bill Clinton"
spe_1999_0610_clinton,286.0,1.0,"Bill Clinton"
spe_2000_0127_clinton,1763.0,1.0,"Bill Clinton"
spe_1997_0204_clinton,1193.0,1.0,"Bill Clinton"
spe_1998_0126_clinton,154.0,1.0,"Bill Clinton with noise"
spe_1993_0922_clinton,373.0,1.0,"Bill Clinton"
spe_1996_0123_clinton,1112.0,1.0,"Bill Clinton"
spe_1993_0430_clinton,1312.0,1.0,"Bill Clinton"
spe_1993_0922_clinton,486.0,1.0,"Applause"
spe_1993_0430_clinton,491.0,1.0,"Bill Clinton"
spe_1998_0325_clinton,591.0,1.0,"Bill Clinton"
spe_1998_0126_clinton,234.0,1.0,"Bill Clinton with noise"
spe_1993_0913_clinton,293.0,1.0,"Applause"
spe_1995_1127_clinton,843.0,1.0,"Bill Clinton"
spe_1995_1016_clinton,252.0,1.0,"Bill Clinton"
spe_1996_1006_clinton,2361.0,1.0,"Bill Clinton"
spe_1993_1007_clinton,357.0,1.0,"Bill Clinton"
spe_1999_0119_clinton,1081.0,1.0,"Bill Clinton"
spe_1999_0610_clinton,228.0,1.0,"Bill Clinton"
spe_1995_0124_clinton,953.0,1.0,"Bill Clinton"
spe_1993_0205_clinton,368.0,1.0,"Bill Clinton"
spe_1998_0325_clinton,850.0,1.0,"Bill Clinton"
spe_1993_0505_clinton,134.0,1.0,"Bill Clinton"
spe_1997_0204_clinton,1022.0,1.0,"Bill Clinton with noise"
spe_1998_0323_clinton,924.0,1.0,"Silence"
spe_1998_0126_clinton,7.0,1.0,"Silence"
spe_1996_0625_clinton,264.0,1.0,"Bill Clinton"
spe_1998_0325_clinton,604.0,1.0,"Silence"
spe_1998_0127_clinton,1421.0,1.0,"Applause"
spe_1995_1127_clinton,67.0,1.0,"Bill Clinton"
spe_1994_0606_clinton,599.0,1.0,"Bill Clinton with noise"
spe_1998_0127_clinton,3311.0,1.0,"Applause"
spe_1993_1007_clinton,348.0,1.0,"Bill Clinton"
spe_1998_0127_clinton,3507.0,1.0,"Applause"
spe_1994_0125_clinton,518.0,1.0,"Applause"
spe_1995_1127_clinton,442.0,1.0,"Bill Clinton"
spe_1999_0119_clinton,2251.0,1.0,"Applause"
spe_1999_0119_clinton,2268.0,1.0,"Bill Clinton"
spe_1999_0324_clinton,533.0,1.0,"Bill Clinton"
spe_1993_0913_clinton,2588.0,1.0,"Applause"
spe_1993_0205_clinton,33.0,1.0,"Bill Clinton"
spe_1993_0217_clinton,363.0,1.0,"Applause"
spe_1993_1208_clinton,532.0,1.0,"Bill Clinton"
spe_1998_0127_clinton,2871.0,1.0,"Applause"
spe_1993_0120_clinton,804.0,1.0,"Bill Clinton"
spe_1995_1127_clinton,191.0,1.0,"Bill Clinton"
spe_1998_0127_clinton,842.0,1.0,"Bill Clinton"
spe_2000_0127_clinton,4899.0,1.0,"Bill Clinton"
spe_1995_0124_clinton,310.0,1.0,"Applause"
spe_1994_0712_clinton,199.0,1.0,"Bill Clinton"
spe_2000_0127_clinton,4450.0,1.0,"Bill Clinton with noise"
spe_1997_0204_clinton,1520.0,1.0,"Bill Clinton"
spe_1998_0127_clinton,937.0,1.0,"Bill Clinton"
spe_1993_0606_clinton,371.0,1.0,"Bill Clinton"
spe_1997_0422_clinton,264.0,1.0,"Bill Clinton"
spe_1995_0124_clinton,3331.0,1.0,"Bill Clinton"
spe_1998_0817_clinton,7.0,1.0,"Silence"
spe_2001_0118_clinton,446.0,1.0,"Bill Clinton with noise"
spe_1995_1127_clinton,536.0,1.0,"Bill Clinton"
spe_1995_0124_clinton,4253.0,1.0,"Bill Clinton"
spe_1995_0124_clinton,4253.0,1.0,"Bill Clinton"
spe_1997_0422_clinton,356.0,1.0,"Bill Clinton"
spe_1996_0123_clinton,801.0,1.0,"Bill Clinton"
spe_1993_1113_clinton,1272.0,1.0,"Bill Clinton"
spe_1996_1103_clinton,445.0,1.0,"Bill Clinton"
spe_1999_0610_clinton,120.0,1.0,"Bill Clinton with noise"
spe_1997_0422_clinton,373.0,1.0,"Applause"
spe_1997_0120_clinton,830.0,1.0,"Bill Clinton with noise"
spe_1993_0430_clinton,1623.0,1.0,"Bill Clinton"
spe_1993_0205_clinton,303.0,1.0,"Bill Clinton"
spe_1998_0817_clinton,126.0,1.0,"Bill Clinton"
spe_1996_0829_clinton,560.0,1.0,"Applause"
spe_1995_1130_clinton,93.0,1.0,"Bill Clinton"
spe_1993_0913_clinton,816.0,1.0,"Male"
spe_1996_1103_clinton,248.0,1.0,"Bill Clinton"
spe_1998_0127_clinton,73.0,1.0,"Applause"
spe_1996_0123_clinton,315.0,1.0,"Bill Clinton"
spe_1993_1208_clinton,165.0,1.0,"Bill Clinton"
spe_1999_0324_clinton,70.0,1.0,"Bill Clinton"
spe_1996_1103_clinton,1098.0,1.0,"Applause"
spe_1999_0119_clinton,2113.0,1.0,"Bill Clinton"
spe_1994_0606_clinton,403.0,1.0,"Bill Clinton"
spe_1997_0120_clinton,313.0,1.0,"Bill Clinton with noise"
spe_1999_0119_clinton,2380.0,1.0,"Bill Clinton"
spe_1998_0817_clinton,37.0,1.0,"Bill Clinton"
spe_2001_0118_clinton,252.0,1.0,"Bill Clinton with noise"
spe_1996_1006_clinton,3537.0,1.0,"Male"
spe_1997_0204_clinton,2890.0,1.0,"Bill Clinton"
spe_1993_0913_clinton,3135.0,1.0,"Male"
spe_1999_0119_clinton,3243.0,1.0,"Bill Clinton"
spe_1999_0324_clinton,435.0,1.0,"Silence"
spe_1993_0913_clinton,1797.0,1.0,"Silence"
spe_1998_0127_clinton,1875.0,1.0,"Applause"
spe_1993_1007_clinton,191.0,1.0,"Bill Clinton"
spe_1993_0120_clinton,441.0,1.0,"Bill Clinton"
spe_1998_0323_clinton,254.0,1.0,"Bill Clinton"
spe_1993_1208_clinton,256.0,1.0,"Bill Clinton"
spe_1998_0126_clinton,200.0,1.0,"Applause"
spe_1993_0922_clinton,1499.0,1.0,"Bill Clinton"
spe_1996_1006_clinton,2666.0,1.0,"Male"
spe_1995_0423_clinton,389.0,1.0,"Bill Clinton"
spe_1999_0610_clinton,585.0,1.0,"Bill Clinton"
spe_1998_0817_clinton,252.0,1.0,"Bill Clinton"
spe_1996_0829_clinton,3076.0,1.0,"Applause"
spe_1995_0423_clinton,214.0,1.0,"Bill Clinton"
spe_1995_1130_clinton,61.0,1.0,"Bill Clinton"
spe_1996_0829_clinton,3513.0,1.0,"Bill Clinton"
spe_1994_0125_clinton,2276.0,1.0,"Applause"
spe_1999_0324_clinton,185.0,1.0,"Bill Clinton"
spe_1996_1006_clinton,3448.0,1.0,"Bill Clinton"
spe_1995_0423_clinton,415.0,1.0,"Bill Clinton"
spe_1998_0126_clinton,401.0,1.0,"Bill Clinton"
spe_1998_0126_clinton,401.0,1.0,"Bill Clinton"
spe_1995_0124_clinton,1705.0,1.0,"Bill Clinton"
spe_1996_1006_clinton,1992.0,1.0,"Male"
spe_1993_0922_clinton,210.0,1.0,"Bill Clinton"
spe_1998_0127_clinton,2246.0,1.0,"Applause"
spe_1997_0422_clinton,551.0,1.0,"Applause"
spe_1999_0324_clinton,229.0,1.0,"Bill Clinton"
spe_1996_1006_clinton,4632.0,1.0,"Male"
spe_1998_0817_clinton,0.0,1.0,"Silence"
spe_1993_1208_clinton,1036.0,1.0,"Bill Clinton"
spe_2001_0118_clinton,165.0,1.0,"Bill Clinton with noise"
spe_1993_0922_clinton,1930.0,1.0,"Bill Clinton"
spe_1993_0129_clinton,780.0,1.0,"Female with noise"
spe_1995_0124_clinton,639.0,1.0,"Bill Clinton"
spe_1993_1113_clinton,1197.0,1.0,"Bill Clinton with noise"
spe_1993_0913_clinton,1093.0,1.0,"Male"
spe_1995_1127_clinton,800.0,1.0,"Bill Clinton"
spe_1998_0127_clinton,3385.0,1.0,"Bill Clinton"
spe_1998_0127_clinton,1674.0,1.0,"Bill Clinton"
spe_1996_0829_clinton,2788.0,1.0,"Applause"
spe_1993_0913_clinton,668.0,1.0,"Male"
spe_1993_1208_clinton,1220.0,1.0,"Applause"
spe_1995_1127_clinton,692.0,1.0,"Bill Clinton"
spe_1993_0217_clinton,169.0,1.0,"Bill Clinton with noise"
spe_1998_0323_clinton,518.0,1.0,"Bill Clinton"
spe_1993_0129_clinton,402.0,1.0,"Bill Clinton"
spe_1993_1208_clinton,617.0,1.0,"Bill Clinton"
spe_1993_0205_clinton,156.0,1.0,"Bill Clinton"
spe_1993_1208_clinton,152.0,1.0,"Applause"
spe_1995_0124_clinton,353.0,1.0,"Bill Clinton"
spe_1995_1016_clinton,1621.0,1.0,"Bill Clinton"
spe_1993_0217_clinton,3482.0,1.0,"Bill Clinton with noise"
spe_1995_0124_clinton,4187.0,1.0,"Bill Clinton"
spe_1995_0124_clinton,4187.0,1.0,"Bill Clinton"
spe_1999_0324_clinton,144.0,1.0,"Bill Clinton"
spe_1997_0422_clinton,78.0,1.0,"Bill Clinton"
spe_1999_0119_clinton,51.0,1.0,"Applause"
spe_1993_1113_clinton,709.0,1.0,"Bill Clinton"
spe_1997_0204_clinton,2184.0,1.0,"Bill Clinton"
spe_1995_1127_clinton,587.0,1.0,"Bill Clinton"
spe_1994_0606_clinton,172.0,1.0,"Bill Clinton"
spe_1993_0606_clinton,171.0,1.0,"Bill Clinton with silence"
spe_1998_0127_clinton,1366.0,1.0,"Bill Clinton with noise"
spe_1993_0505_clinton,132.0,1.0,"Bill Clinton"
spe_1996_0625_clinton,355.0,1.0,"Applause"
spe_1997_0120_clinton,1178.0,1.0,"Silence"
spe_1998_0817_clinton,85.0,1.0,"Bill Clinton"
spe_1997_0204_clinton,3118.0,1.0,"Bill Clinton"
spe_1993_1208_clinton,697.0,1.0,"Bill Clinton"
spe_1998_0817_clinton,4.0,1.0,"Silence"
spe_1994_0125_clinton,1864.0,1.0,"Bill Clinton"
spe_1995_0124_clinton,3833.0,1.0,"Applause"
spe_1997_0204_clinton,3137.0,1.0,"Bill Clinton"
spe_1999_0324_clinton,191.0,1.0,"Bill Clinton"
spe_1997_0120_clinton,971.0,1.0,"Silence"
spe_1993_1208_clinton,228.0,1.0,"Bill Clinton"
spe_1996_0625_clinton,459.0,1.0,"Bill Clinton"
spe_1993_0430_clinton,1101.0,1.0,"Bill Clinton"
spe_1996_1103_clinton,950.0,1.0,"Bill Clinton with noise"
spe_1999_0324_clinton,773.0,1.0,"Bill Clinton"
spe_1993_0120_clinton,405.0,1.0,"Bill Clinton"
spe_1996_1103_clinton,582.0,1.0,"Applause"
spe_1993_0217_clinton,1593.0,1.0,"Bill Clinton with noise"
spe_1998_0325_clinton,1103.0,1.0,"Bill Clinton"
spe_1999_0324_clinton,33.0,1.0,"Bill Clinton"
spe_1995_1016_clinton,435.0,1.0,"Bill Clinton"
spe_1994_0712_clinton,395.0,1.0,"Bill Clinton"
spe_1999_0119_clinton,4362.0,1.0,"Applause"
spe_2001_0118_clinton,185.0,1.0,"Bill Clinton with noise"
spe_1999_0324_clinton,788.0,1.0,"Silence"
spe_1998_0127_clinton,2251.0,1.0,"Bill Clinton"
spe_1993_1113_clinton,1532.0,1.0,"Bill Clinton"
spe_1999_0324_clinton,1.0,1.0,"Silence"
spe_1995_0423_clinton,325.0,1.0,"Applause"
spe_1997_0422_clinton,96.0,1.0,"Bill Clinton"
spe_1993_0120_clinton,575.0,1.0,"Bill Clinton"
spe_1994_0712_clinton,468.0,1.0,"Applause"
spe_1998_0126_clinton,324.0,1.0,"Bill Clinton"
spe_1995_1127_clinton,74.0,1.0,"Silence"
spe_1993_0129_clinton,553.0,1.0,"Bill Clinton"
spe_1993_0120_clinton,48.0,1.0,"Bill Clinton"
spe_1993_0217_clinton,1011.0,1.0,"Bill Clinton"
spe_1996_1103_clinton,836.0,1.0,"Bill Clinton"
spe_1993_0922_clinton,2307.0,1.0,"Applause"
spe_1998_0126_clinton,216.0,1.0,"Bill Clinton"
spe_1993_1113_clinton,862.0,1.0,"Bill Clinton"
spe_1993_1208_clinton,733.0,1.0,"Bill Clinton"
spe_1994_0712_clinton,413.0,1.0,"Bill Clinton"
spe_1996_0829_clinton,727.0,1.0,"Bill Clinton"
spe_1999_0610_clinton,423.0,1.0,"Bill Clinton"
spe_1997_0204_clinton,2014.0,1.0,"Bill Clinton"
spe_1998_0323_clinton,917.0,1.0,"Silence"
spe_1993_0120_clinton,348.0,1.0,"Bill Clinton with noise"
spe_1993_1007_clinton,93.0,1.0,"Bill Clinton"
spe_1995_1016_clinton,1697.0,1.0,"Bill Clinton"
spe_1993_0606_clinton,269.0,1.0,"Bill Clinton"
spe_1997_0120_clinton,1229.0,1.0,"Bill Clinton"
spe_1994_0712_clinton,358.0,1.0,"Bill Clinton with noise"
spe_1997_0120_clinton,1101.0,1.0,"Silence"
spe_1995_0719_clinton,1177.0,1.0,"Bill Clinton"
spe_1999_0324_clinton,744.0,1.0,"Bill Clinton"
spe_1993_0129_clinton,258.0,1.0,"Bill Clinton"
spe_1993_0430_clinton,1813.0,1.0,"Bill Clinton"
spe_1998_0323_clinton,680.0,1.0,"Bill Clinton"
spe_1993_0217_clinton,2194.0,1.0,"Silence"
spe_1995_0719_clinton,1286.0,1.0,"Bill Clinton"
spe_1994_0125_clinton,175.0,1.0,"Bill Clinton"
spe_1997_0204_clinton,1758.0,1.0,"Bill Clinton"
spe_1996_0123_clinton,382.0,1.0,"Applause"
spe_1995_0719_clinton,2869.0,1.0,"Bill Clinton"
spe_1998_0325_clinton,655.0,1.0,"Bill Clinton"
spe_1993_0430_clinton,1069.0,1.0,"Bill Clinton"
spe_1993_1208_clinton,1203.0,1.0,"Silence"
spe_1993_0205_clinton,363.0,1.0,"Bill Clinton"
spe_1993_0606_clinton,512.0,1.0,"Silence"
spe_1993_0430_clinton,461.0,1.0,"Bill Clinton"
spe_1998_0325_clinton,1107.0,1.0,"Bill Clinton"
spe_1993_0922_clinton,2362.0,1.0,"Bill Clinton"
spe_1995_0423_clinton,218.0,1.0,"Bill Clinton"
spe_1993_0129_clinton,679.0,1.0,"Bill Clinton with noise"
spe_1995_0124_clinton,1679.0,1.0,"Applause"
spe_1998_0127_clinton,1175.0,1.0,"Applause"
spe_1994_0712_clinton,51.0,1.0,"Bill Clinton with noise"
spe_1998_0323_clinton,220.0,1.0,"Bill Clinton"
spe_1993_0120_clinton,872.0,1.0,"Bill Clinton"
spe_1993_0129_clinton,20.0,1.0,"Silence"
spe_1998_0325_clinton,1059.0,1.0,"Bill Clinton"
spe_1996_0829_clinton,675.0,1.0,"Bill Clinton"
spe_1998_0323_clinton,133.0,1.0,"Bill Clinton"
spe_1993_0913_clinton,2226.0,1.0,"Bill Clinton"
spe_1994_0606_clinton,310.0,1.0,"Bill Clinton with noise"
spe_1993_0505_clinton,7.0,1.0,"Silence"
spe_1993_0129_clinton,745.0,1.0,"Bill Clinton"
spe_1993_0205_clinton,85.0,1.0,"Bill Clinton"
spe_1995_1127_clinton,385.0,1.0,"Bill Clinton"
spe_1998_0323_clinton,125.0,1.0,"Bill Clinton"
spe_1996_1006_clinton,5089.0,1.0,"Silence"
spe_1996_0829_clinton,3331.0,1.0,"Bill Clinton"
spe_1993_0913_clinton,835.0,1.0,"Applause"
spe_1998_0126_clinton,203.0,1.0,"Applause"
spe_1998_0127_clinton,104.0,1.0,"Bill Clinton"
spe_1995_0719_clinton,1003.0,1.0,"Bill Clinton"
spe_1997_0120_clinton,870.0,1.0,"Bill Clinton with noise"
spe_1996_1006_clinton,2721.0,1.0,"Male"
spe_1997_0422_clinton,180.0,1.0,"Applause"
spe_1995_1127_clinton,65.0,1.0,"Bill Clinton"
spe_1995_1016_clinton,553.0,1.0,"Bill Clinton"
spe_1993_0217_clinton,2410.0,1.0,"Bill Clinton with noise"
spe_1997_0204_clinton,829.0,1.0,"Applause"
spe_1997_0120_clinton,1298.0,1.0,"Bill Clinton with noise"
spe_1995_1130_clinton,426.0,1.0,"Bill Clinton"
spe_1993_0430_clinton,1616.0,1.0,"Bill Clinton"
spe_1997_0204_clinton,2300.0,1.0,"Applause"
spe_1993_1208_clinton,377.0,1.0,"Bill Clinton"
spe_1994_0606_clinton,139.0,1.0,"Bill Clinton with noise"
spe_1996_1103_clinton,677.0,1.0,"Bill Clinton"
spe_1996_0829_clinton,1642.0,1.0,"Applause"
spe_1999_0324_clinton,413.0,1.0,"Bill Clinton"
spe_1995_0719_clinton,2100.0,1.0,"Bill Clinton"
spe_1996_0123_clinton,1831.0,1.0,"Bill Clinton"
spe_1993_0217_clinton,355.0,1.0,"Noise"
spe_1997_0204_clinton,2605.0,1.0,"Bill Clinton"
spe_1994_0712_clinton,528.0,1.0,"Bill Clinton"
spe_1998_0126_clinton,150.0,1.0,"Bill Clinton"
spe_1997_0120_clinton,242.0,1.0,"Bill Clinton with noise"
spe_1999_0610_clinton,59.0,1.0,"Bill Clinton with silence"
spe_1993_0922_clinton,1235.0,1.0,"Bill Clinton"
spe_2000_0127_clinton,1701.0,1.0,"Bill Clinton"
spe_1993_1113_clinton,837.0,1.0,"Bill Clinton"
spe_1993_0205_clinton,316.0,1.0,"Bill Clinton"
spe_1993_0606_clinton,110.0,1.0,"Bill Clinton"
spe_1999_0119_clinton,2277.0,1.0,"Applause"
spe_1994_0125_clinton,2287.0,1.0,"Bill Clinton"
spe_1993_0120_clinton,424.0,1.0,"Bill Clinton"
spe_1993_0205_clinton,43.0,1.0,"Bill Clinton"
spe_1995_1127_clinton,650.0,1.0,"Bill Clinton"
spe_2000_0127_clinton,4817.0,1.0,"Bill Clinton"
spe_1995_0719_clinton,1776.0,1.0,"Bill Clinton"
spe_1996_0829_clinton,758.0,1.0,"Bill Clinton with noise"
spe_1993_1007_clinton,262.0,1.0,"Bill Clinton"
spe_1998_0817_clinton,25.0,1.0,"Bill Clinton"
spe_1993_1007_clinton,682.0,1.0,"Silence"
spe_1993_0922_clinton,1266.0,1.0,"Applause"
spe_1995_0124_clinton,2000.0,1.0,"Bill Clinton"
spe_2000_0127_clinton,68.0,1.0,"Bill Clinton"
spe_1996_1103_clinton,949.0,1.0,"Bill Clinton with noise"
spe_1993_0129_clinton,41.0,1.0,"Shutter clicks"
spe_1995_1016_clinton,2360.0,1.0,"Bill Clinton"
spe_1998_0325_clinton,220.0,1.0,"Bill Clinton"
spe_1995_0124_clinton,2929.0,1.0,"Applause"
spe_1998_0817_clinton,190.0,1.0,"Bill Clinton"
spe_1997_0120_clinton,1234.0,1.0,"Bill Clinton with noise"
spe_2000_0127_clinton,89.0,1.0,"Applause"
spe_1996_1103_clinton,917.0,1.0,"Bill Clinton with noise"
spe_1995_1127_clinton,1057.0,1.0,"Bill Clinton"
spe_1997_0204_clinton,36.0,1.0,"Bill Clinton with noise"
spe_1998_0325_clinton,650.0,1.0,"Applause"
spe_1993_0430_clinton,721.0,1.0,"Bill Clinton"
spe_1993_0922_clinton,1162.0,1.0,"Bill Clinton"
spe_1999_0119_clinton,1133.0,1.0,"Bill Clinton with noise"
spe_1993_0913_clinton,2942.0,1.0,"Silence"
spe_1993_0505_clinton,101.0,1.0,"Bill Clinton"
spe_1995_1016_clinton,1612.0,1.0,"Bill Clinton"
spe_1993_0205_clinton,5.0,1.0,"Silence"
spe_1999_0119_clinton,1636.0,1.0,"Bill Clinton with noise"
spe_2000_0127_clinton,3567.0,1.0,"Applause"
spe_1996_1103_clinton,791.0,1.0,"Bill Clinton"
spe_1994_0125_clinton,847.0,1.0,"Bill Clinton"
spe_1993_0505_clinton,245.0,1.0,"Bill Clinton"
spe_1998_0817_clinton,261.0,1.0,"Silence"
spe_1995_1130_clinton,1504.0,1.0,"Bill Clinton"
spe_1995_0719_clinton,335.0,1.0,"Bill Clinton"
spe_1994_0606_clinton,130.0,1.0,"Bill Clinton with noise"
spe_1998_0126_clinton,223.0,1.0,"Bill Clinton"
spe_1998_0325_clinton,735.0,1.0,"Bill Clinton"
spe_1999_0610_clinton,663.0,1.0,"Bill Clinton"
spe_1993_1113_clinton,1130.0,1.0,"Applause"
spe_1995_0423_clinton,394.0,1.0,"Bill Clinton with noise"
spe_1995_0423_clinton,419.0,1.0,"Bill Clinton with noise"
spe_1993_0120_clinton,246.0,1.0,"Bill Clinton"
spe_1995_1016_clinton,31.0,1.0,"Bill Clinton"
spe_1993_0505_clinton,384.0,1.0,"Bill Clinton"
spe_1993_1208_clinton,83.0,1.0,"Bill Clinton"
spe_1997_0204_clinton,2354.0,1.0,"Bill Clinton"
spe_1998_0127_clinton,573.0,1.0,"Applause"
spe_1995_0423_clinton,436.0,1.0,"Bill Clinton with noise"
spe_1996_1103_clinton,1280.0,1.0,"Laughter"
spe_2000_0127_clinton,4439.0,1.0,"Bill Clinton"
spe_2001_0118_clinton,256.0,1.0,"Bill Clinton with noise"
spe_1996_1006_clinton,3770.0,1.0,"Male"
spe_1998_0325_clinton,90.0,1.0,"Applause"
spe_1993_0606_clinton,187.0,1.0,"Bill Clinton"
spe_1996_1006_clinton,854.0,1.0,"Male"
spe_1999_0324_clinton,382.0,1.0,"Bill Clinton"
spe_1993_0120_clinton,806.0,1.0,"Bill Clinton"
spe_1998_0127_clinton,1290.0,1.0,"Applause"
spe_1993_0922_clinton,278.0,1.0,"Bill Clinton"
spe_1995_0423_clinton,323.0,1.0,"Applause"
spe_1999_0610_clinton,316.0,1.0,"Bill Clinton"
spe_1996_0829_clinton,3321.0,1.0,"Applause"
spe_1993_1007_clinton,48.0,1.0,"Bill Clinton with noise"
spe_2000_0127_clinton,5157.0,1.0,"Bill Clinton with silence"
spe_1993_0922_clinton,1741.0,1.0,"Bill Clinton"
spe_1993_1007_clinton,280.0,1.0,"Bill Clinton"
spe_1996_0123_clinton,573.0,1.0,"Mostly silence"
spe_1996_0123_clinton,2295.0,1.0,"Bill Clinton"
spe_1996_1103_clinton,470.0,1.0,"Bill Clinton"
spe_1993_0922_clinton,1101.0,1.0,"Bill Clinton"
spe_1998_0325_clinton,887.0,1.0,"Bill Clinton"
spe_2001_0118_clinton,21.0,1.0,"Bill Clinton with noise"
spe_1996_0829_clinton,915.0,1.0,"Bill Clinton with noise"
spe_1998_0323_clinton,689.0,1.0,"Bill Clinton with noise"
spe_1993_0205_clinton,40.0,1.0,"Bill Clinton"
spe_1995_1127_clinton,427.0,1.0,"Bill Clinton"
spe_1993_0922_clinton,184.0,1.0,"Applause"
spe_1999_0324_clinton,408.0,1.0,"Bill Clinton"
spe_1993_1007_clinton,311.0,1.0,"Bill Clinton"
spe_1993_0913_clinton,1237.0,1.0,"Male"
spe_1998_0126_clinton,414.0,1.0,"Applause"
spe_1993_0120_clinton,452.0,1.0,"Bill Clinton"
spe_1993_0505_clinton,116.0,1.0,"Bill Clinton"
spe_1996_1006_clinton,5038.0,1.0,"Silence"
spe_2000_0127_clinton,4260.0,1.0,"Applause"
spe_1999_0119_clinton,4322.0,1.0,"Bill Clinton"
spe_1999_0324_clinton,584.0,1.0,"Bill Clinton"
spe_1993_1208_clinton,811.0,1.0,"Bill Clinton"
spe_1993_0217_clinton,1615.0,1.0,"Applause"
spe_1996_0123_clinton,2099.0,1.0,"Applause"
spe_1996_0829_clinton,2020.0,1.0,"Applause"
spe_1994_0712_clinton,489.0,1.0,"Bill Clinton"
spe_1996_0625_clinton,530.0,1.0,"Bill Clinton"
spe_1995_1130_clinton,593.0,1.0,"Bill Clinton"
spe_2001_0118_clinton,159.0,1.0,"Bill Clinton"
spe_1995_0423_clinton,527.0,1.0,"Bill Clinton"
spe_1998_0126_clinton,291.0,1.0,"Bill Clinton with noise"
spe_1993_0205_clinton,300.0,1.0,"Bill Clinton"
spe_1997_0422_clinton,139.0,1.0,"Applause"
spe_1997_0204_clinton,2276.0,1.0,"Bill Clinton"
spe_1997_0204_clinton,1190.0,1.0,"Bill Clinton"
spe_1995_0423_clinton,47.0,1.0,"Bill Clinton"
spe_1993_0922_clinton,2994.0,1.0,"Bill Clinton"
spe_1994_0712_clinton,164.0,1.0,"Bill Clinton"
spe_1994_0712_clinton,485.0,1.0,"Bill Clinton"
spe_1999_0610_clinton,399.0,1.0,"Bill Clinton"
spe_1993_0205_clinton,189.0,1.0,"Applause"
spe_1993_1208_clinton,725.0,1.0,"Bill Clinton"
spe_1999_0610_clinton,141.0,1.0,"Bill Clinton"
spe_1998_0325_clinton,151.0,1.0,"Bill Clinton"
spe_2000_0127_clinton,152.0,1.0,"Applause"
spe_1993_0205_clinton,306.0,1.0,"Bill Clinton"
spe_1993_0120_clinton,302.0,1.0,"Bill Clinton"
spe_1993_0430_clinton,1398.0,1.0,"Applause"
spe_1995_0423_clinton,327.0,1.0,"Applause"
spe_1993_1208_clinton,656.0,1.0,"Bill Clinton"
spe_1995_1130_clinton,1434.0,1.0,"Bill Clinton"
spe_1995_0124_clinton,4613.0,1.0,"Applause"
spe_1999_0119_clinton,1942.0,1.0,"Applause"
spe_1993_0129_clinton,254.0,1.0,"Silence"
spe_1998_0817_clinton,148.0,1.0,"Bill Clinton"
spe_1993_0606_clinton,509.0,1.0,"Noise"
spe_1999_0610_clinton,392.0,1.0,"Bill Clinton"
spe_1993_0217_clinton,2096.0,1.0,"Applause"
spe_1993_0913_clinton,3077.0,1.0,"Male"
spe_1993_0205_clinton,420.0,1.0,"Applause"
spe_2000_0127_clinton,4217.0,1.0,"Mostly silence"
spe_1993_0120_clinton,612.0,1.0,"Bill Clinton"
spe_1995_1127_clinton,4.0,1.0,"Silence"
spe_1996_0123_clinton,3090.0,1.0,"Bill Clinton"
spe_1995_1127_clinton,613.0,1.0,"Bill Clinton"
spe_1994_0125_clinton,3427.0,1.0,"Bill Clinton"
spe_1997_0120_clinton,1445.0,1.0,"Bill Clinton with noise"
spe_1993_1007_clinton,411.0,1.0,"Bill Clinton"
spe_1999_0324_clinton,331.0,1.0,"Bill Clinton"
spe_1994_0125_clinton,3016.0,1.0,"Bill Clinton"
spe_1995_1016_clinton,833.0,1.0,"Mostly silence"
spe_1999_0119_clinton,120.0,1.0,"Bill Clinton"
spe_1996_0625_clinton,477.0,1.0,"Applause"
spe_1994_0712_clinton,341.0,1.0,"Bill Clinton"
spe_1996_0625_clinton,220.0,1.0,"Bill Clinton"
spe_1996_0829_clinton,3039.0,1.0,"Bill Clinton"
spe_1998_0817_clinton,25.0,1.0,"Bill Clinton"
spe_1996_1006_clinton,480.0,1.0,"Male"
spe_1995_0423_clinton,149.0,1.0,"Applause"
spe_1998_0325_clinton,529.0,1.0,"Bill Clinton"
spe_1993_0922_clinton,3042.0,1.0,"Bill Clinton"
spe_1997_0422_clinton,258.0,1.0,"Bill Clinton with noise"
spe_1993_0205_clinton,302.0,1.0,"Bill Clinton"
spe_1999_0610_clinton,299.0,1.0,"Bill Clinton"
spe_1998_0817_clinton,76.0,1.0,"Bill Clinton"
spe_1994_0125_clinton,669.0,1.0,"Applause"
spe_1997_0422_clinton,75.0,1.0,"Bill Clinton"
spe_1998_0127_clinton,835.0,1.0,"Applause"
spe_1993_0913_clinton,1663.0,1.0,"Noise"
spe_1998_0325_clinton,368.0,1.0,"Bill Clinton"
spe_1993_0505_clinton,380.0,1.0,"Bill Clinton"
spe_1994_0712_clinton,192.0,1.0,"Bill Clinton"
spe_1993_1113_clinton,491.0,1.0,"Applause"
spe_1993_0606_clinton,318.0,1.0,"Bill Clinton"
spe_1993_0205_clinton,395.0,1.0,"Bill Clinton"
spe_1998_0126_clinton,154.0,1.0,"Bill Clinton with noise"
spe_1999_0119_clinton,2401.0,1.0,"Laughter"
spe_1993_0913_clinton,3179.0,1.0,"Male"
spe_1994_0125_clinton,197.0,1.0,"Bill Clinton"
spe_1999_0324_clinton,115.0,1.0,"Bill Clinton"
spe_1998_0817_clinton,51.0,1.0,"Bill Clinton"
spe_1993_0505_clinton,222.0,1.0,"Bill Clinton"
spe_1993_0120_clinton,734.0,1.0,"Bill Clinton"
spe_1993_0505_clinton,83.0,1.0,"Bill Clinton"
spe_1993_0217_clinton,159.0,1.0,"Bill Clinton with noise"
spe_1993_0606_clinton,102.0,1.0,"Bill Clinton"
spe_1993_0606_clinton,430.0,1.0,"Bill Clinton"
spe_1995_0423_clinton,244.0,1.0,"Bill Clinton with noise"
spe_1998_0126_clinton,378.0,1.0,"Bill Clinton with noise"
spe_1994_0125_clinton,357.0,1.0,"Bill Clinton"
spe_2000_0127_clinton,4394.0,1.0,"Bill Clinton"
spe_1993_1007_clinton,33.0,1.0,"Mostly silence"
spe_1995_0124_clinton,3843.0,1.0,"Bill Clinton"
spe_2001_0118_clinton,76.0,1.0,"Bill Clinton with noise"
spe_1993_0430_clinton,865.0,1.0,"Bill Clinton with noise"
spe_1999_0119_clinton,2580.0,1.0,"Bill Clinton"
spe_1996_1006_clinton,4919.0,1.0,"Male"
spe_1997_0422_clinton,16.0,1.0,"Silence"
spe_1996_0829_clinton,1955.0,1.0,"Bill Clinton with noise"
spe_1993_0606_clinton,341.0,1.0,"Bill Clinton"
spe_1995_0124_clinton,2277.0,1.0,"Mostly silence"
spe_1993_0922_clinton,1299.0,1.0,"Bill Clinton"
spe_1994_0606_clinton,260.0,1.0,"Bill Clinton with noise"
spe_1995_1016_clinton,1297.0,1.0,"Bill Clinton"
spe_1993_0913_clinton,661.0,1.0,"Male"
spe_1993_0913_clinton,2500.0,1.0,"Male"
spe_1999_0119_clinton,162.0,1.0,"Bill Clinton with noise"
spe_1997_0204_clinton,643.0,1.0,"Bill Clinton with noise"
spe_1993_0606_clinton,229.0,1.0,"Bill Clinton"
spe_1993_0430_clinton,418.0,1.0,"Bill Clinton"
spe_1993_0129_clinton,7.0,1.0,"Silence"
spe_1993_0217_clinton,3226.0,1.0,"Bill Clinton with noise"
spe_1994_0712_clinton,136.0,1.0,"Bill Clinton"
spe_1998_0127_clinton,3104.0,1.0,"Applause"
spe_1995_1016_clinton,1840.0,1.0,"Bill Clinton with noise"
spe_1993_0922_clinton,3207.0,1.0,"Applause"
spe_1995_1016_clinton,80.0,1.0,"Applause"
spe_1993_1208_clinton,1144.0,1.0,"Silence"
spe_1995_0124_clinton,159.0,1.0,"Mostly silence"
spe_1996_0625_clinton,40.0,1.0,"Bill Clinton"
spe_1998_0127_clinton,574.0,1.0,"Applause"
spe_1993_0129_clinton,285.0,1.0,"Bill Clinton"
spe_1996_0625_clinton,758.0,1.0,"Bill Clinton"
spe_1998_0817_clinton,267.0,1.0,"Silence"
spe_1998_0127_clinton,2238.0,1.0,"Bill Clinton"
spe_1999_0610_clinton,659.0,1.0,"Bill Clinton"
spe_1993_0217_clinton,2593.0,1.0,"Bill Clinton"
spe_1993_0922_clinton,587.0,1.0,"Bill Clinton"
spe_1996_1103_clinton,931.0,1.0,"Silence"
spe_1993_0217_clinton,907.0,1.0,"Bill Clinton with noise"
spe_1995_0423_clinton,163.0,1.0,"Bill Clinton"
spe_1996_1103_clinton,1155.0,1.0,"Bill Clinton"
spe_1995_0423_clinton,45.0,1.0,"Bill Clinton"
spe_1995_0719_clinton,1157.0,1.0,"Bill Clinton"
spe_1997_0120_clinton,340.0,1.0,"Male"
spe_1995_1130_clinton,1057.0,1.0,"Bill Clinton"
spe_1993_1007_clinton,246.0,1.0,"Bill Clinton"
spe_1996_0625_clinton,58.0,1.0,"Bill Clinton"
spe_1993_0922_clinton,2659.0,1.0,"Bill Clinton"
spe_1998_0126_clinton,351.0,1.0,"Applause"
spe_1994_0125_clinton,293.0,1.0,"Bill Clinton"
spe_1993_0120_clinton,348.0,1.0,"Bill Clinton"
spe_1999_0610_clinton,401.0,1.0,"Bill Clinton"
spe_1995_1016_clinton,1074.0,1.0,"Bill Clinton"
spe_1993_0217_clinton,2353.0,1.0,"Applause"
spe_1997_0204_clinton,482.0,1.0,"Mostly silence"
spe_2001_0118_clinton,209.0,1.0,"Bill Clinton with noise"
spe_1996_0829_clinton,3158.0,1.0,"Bill Clinton"
spe_1997_0120_clinton,1693.0,1.0,"Bill Clinton with noise"
spe_1995_0423_clinton,230.0,1.0,"Bill Clinton"
spe_1993_0505_clinton,72.0,1.0,"Bill Clinton"
spe_1996_1006_clinton,3019.0,1.0,"Bill Clinton"
spe_1995_0124_clinton,2375.0,1.0,"Applause"
spe_1999_0610_clinton,574.0,1.0,"Bill Clinton"
spe_1998_0325_clinton,368.0,1.0,"Bill Clinton"
spe_1994_0606_clinton,605.0,1.0,"Bill Clinton with noise"
spe_1997_0120_clinton,696.0,1.0,"Bill Clinton with noise"
spe_1993_0205_clinton,288.0,1.0,"Bill Clinton"
spe_1993_0129_clinton,622.0,1.0,"Bill Clinton"
spe_1996_1103_clinton,766.0,1.0,"Mostly silence"
spe_1999_0610_clinton,109.0,1.0,"Bill Clinton"
spe_1998_0323_clinton,428.0,1.0,"Bill Clinton"
spe_1998_0127_clinton,3828.0,1.0,"Bill Clinton"
spe_1993_0505_clinton,96.0,1.0,"Bill Clinton"
spe_1994_0125_clinton,3186.0,1.0,"Bill Clinton"
spe_1993_1113_clinton,142.0,1.0,"Applause"
spe_1993_1007_clinton,171.0,1.0,"Bill Clinton"
spe_1997_0204_clinton,3096.0,1.0,"Bill Clinton"
spe_1994_0606_clinton,12.0,1.0,"Bill Clinton"
spe_1995_0423_clinton,94.0,1.0,"Bill Clinton"
spe_1997_0120_clinton,1070.0,1.0,"Silence"
spe_1993_0606_clinton,381.0,1.0,"Bill Clinton"
spe_1995_0124_clinton,1326.0,1.0,"Applause"
spe_1996_1006_clinton,3970.0,1.0,"Male"
spe_1993_0129_clinton,70.0,1.0,"Bill Clinton"
spe_1997_0120_clinton,946.0,1.0,"Silence"
spe_1995_0124_clinton,4546.0,1.0,"Applause"
spe_1994_0125_clinton,1197.0,1.0,"Bill Clinton with noise"
spe_1996_0625_clinton,574.0,1.0,"Bill Clinton"
spe_1993_0129_clinton,19.0,1.0,"Bill Clinton with noise"
spe_1999_0119_clinton,3760.0,1.0,"Bill Clinton with noise"
spe_1998_0127_clinton,2933.0,1.0,"Applause"
spe_1993_0205_clinton,57.0,1.0,"Bill Clinton"
spe_1998_0323_clinton,233.0,1.0,"Bill Clinton with noise"
spe_1993_1208_clinton,556.0,1.0,"Bill Clinton"
spe_1994_0712_clinton,523.0,1.0,"Applause"
spe_2000_0127_clinton,4875.0,1.0,"Applause"
spe_1998_0127_clinton,2682.0,1.0,"Bill Clinton"
spe_1996_0123_clinton,1897.0,1.0,"Bill Clinton"
spe_1994_0712_clinton,305.0,1.0,"Bill Clinton"
spe_1995_0124_clinton,799.0,1.0,"Applause"
spe_1993_0606_clinton,395.0,1.0,"Bill Clinton"
spe_1993_0505_clinton,186.0,1.0,"Bill Clinton"
spe_1998_0126_clinton,40.0,1.0,"Bill Clinton"
spe_1994_0125_clinton,3695.0,1.0,"Bill Clinton"
spe_1994_0125_clinton,2458.0,1.0,"Bill Clinton"
spe_1995_0124_clinton,4606.0,1.0,"Bill Clinton"
spe_1993_0205_clinton,112.0,1.0,"Bill Clinton"
spe_1997_0422_clinton,536.0,1.0,"Bill Clinton"
spe_1998_0126_clinton,24.0,1.0,"Bill Clinton with noise"
spe_1998_0126_clinton,236.0,1.0,"Bill Clinton"
spe_1993_1007_clinton,618.0,1.0,"Bill Clinton"
spe_1995_1127_clinton,661.0,1.0,"Bill Clinton"
spe_1995_1016_clinton,335.0,1.0,"Bill Clinton"
spe_1999_0119_clinton,16.0,1.0,"Bill Clinton"
spe_1995_0124_clinton,910.0,1.0,"Bill Clinton"
spe_1994_0125_clinton,457.0,1.0,"Applause"
spe_1993_0606_clinton,349.0,1.0,"Bill Clinton"
spe_1997_0204_clinton,1451.0,1.0,"Applause"
spe_1993_1007_clinton,364.0,1.0,"Bill Clinton"
spe_1996_1006_clinton,2442.0,1.0,"Male"
spe_1997_0120_clinton,1026.0,1.0,"Silence"
spe_1998_0127_clinton,1567.0,1.0,"Applause"
spe_1994_0606_clinton,64.0,1.0,"Bill Clinton with noise"
spe_1995_0719_clinton,2324.0,1.0,"Mostly silence"
spe_1998_0323_clinton,172.0,1.0,"Bill Clinton"
spe_1993_1007_clinton,311.0,1.0,"Bill Clinton"
spe_1993_0430_clinton,1676.0,1.0,"Bill Clinton"
spe_1997_0204_clinton,3404.0,1.0,"Bill Clinton"
spe_1993_1007_clinton,291.0,1.0,"Bill Clinton"
spe_1993_0205_clinton,144.0,1.0,"Bill Clinton"
spe_1997_0120_clinton,556.0,1.0,"Bill Clinton with noise"
spe_1995_1127_clinton,737.0,1.0,"Bill Clinton"
spe_1993_0129_clinton,894.0,1.0,"Bill Clinton"
spe_1998_0817_clinton,43.0,1.0,"Bill Clinton"
spe_1993_0205_clinton,204.0,1.0,"Bill Clinton"
spe_1993_0606_clinton,162.0,1.0,"Bill Clinton with noise"
spe_1993_1208_clinton,1087.0,1.0,"Bill Clinton"
spe_1998_0325_clinton,915.0,1.0,"Bill Clinton"
spe_1993_1007_clinton,298.0,1.0,"Bill Clinton"
spe_2000_0127_clinton,5215.0,1.0,"Applause"
spe_2001_0118_clinton,292.0,1.0,"Bill Clinton with noise"
spe_1998_0323_clinton,159.0,1.0,"Bill Clinton"
spe_1993_0217_clinton,1144.0,1.0,"Bill Clinton with noise"
spe_1995_1127_clinton,802.0,1.0,"Bill Clinton"
spe_2001_0118_clinton,331.0,1.0,"Bill Clinton with noise"
spe_1993_0922_clinton,671.0,1.0,"Applause"
spe_1996_0829_clinton,3610.0,1.0,"Bill Clinton"
spe_2001_0118_clinton,251.0,1.0,"Bill Clinton with noise"
spe_1996_1103_clinton,1287.0,1.0,"Mostly silence"
spe_1999_0610_clinton,333.0,1.0,"Bill Clinton"
spe_2001_0118_clinton,402.0,1.0,"Bill Clinton with noise"
spe_1994_0712_clinton,152.0,1.0,"Mostly silence"
spe_1994_0712_clinton,152.0,1.0,"Mostly silence"
spe_1999_0119_clinton,673.0,1.0,"Bill Clinton"
spe_1999_0119_clinton,673.0,1.0,"Bill Clinton"
spe_1997_0422_clinton,541.0,1.0,"Bill Clinton"
spe_1995_1127_clinton,652.0,1.0,"Bill Clinton"
spe_1993_0430_clinton,1337.0,1.0,"Bill Clinton"
spe_1998_0325_clinton,662.0,1.0,"Bill Clinton"
spe_1995_0124_clinton,2520.0,1.0,"Bill Clinton"
spe_1995_1016_clinton,1111.0,1.0,"Bill Clinton"
spe_1993_0205_clinton,180.0,1.0,"Bill Clinton with noise"
spe_1993_0606_clinton,397.0,1.0,"Bill Clinton"
spe_1996_1103_clinton,268.0,1.0,"Silence"
spe_1993_0922_clinton,971.0,1.0,"Applause"
spe_1993_1113_clinton,1279.0,1.0,"Bill Clinton with noise"
spe_1993_0205_clinton,284.0,1.0,"Bill Clinton"
spe_1993_0129_clinton,446.0,1.0,"Bill Clinton"
spe_1995_1016_clinton,172.0,1.0,"Bill Clinton"
spe_1999_0610_clinton,246.0,1.0,"Bill Clinton"
spe_1995_0719_clinton,608.0,1.0,"Bill Clinton"
spe_1994_0606_clinton,360.0,1.0,"Bill Clinton with noise"
spe_1999_0610_clinton,553.0,1.0,"Bill Clinton"
spe_1998_0323_clinton,48.0,1.0,"Male with noise"
spe_1996_1103_clinton,574.0,1.0,"Bill Clinton"
spe_1996_0625_clinton,269.0,1.0,"Bill Clinton"
spe_1993_0913_clinton,3264.0,1.0,"Male"
spe_1993_0922_clinton,2543.0,1.0,"Bill Clinton"
spe_1999_0324_clinton,93.0,1.0,"Bill Clinton"
spe_1993_1007_clinton,384.0,1.0,"Bill Clinton"
spe_1993_0120_clinton,549.0,1.0,"Bill Clinton"
spe_1995_0423_clinton,97.0,1.0,"Bill Clinton"
spe_1995_1130_clinton,854.0,1.0,"Bill Clinton"
spe_1998_0323_clinton,207.0,1.0,"Bill Clinton"
spe_1993_0205_clinton,331.0,1.0,"Bill Clinton"
spe_1995_0423_clinton,252.0,1.0,"Bill Clinton"
spe_1993_0922_clinton,1783.0,1.0,"Bill Clinton"
spe_1998_0126_clinton,119.0,1.0,"Bill Clinton with noise"
spe_1994_0606_clinton,283.0,1.0,"Bill Clinton with noise"
spe_1999_0610_clinton,331.0,1.0,"Bill Clinton"
spe_1995_0423_clinton,200.0,1.0,"Bill Clinton with noise"
spe_1998_0127_clinton,3999.0,1.0,"Bill Clinton"
spe_1997_0204_clinton,2080.0,1.0,"Applause"
spe_1995_0423_clinton,518.0,1.0,"Bill Clinton"
spe_1997_0120_clinton,1655.0,1.0,"Bill Clinton"
spe_1995_1127_clinton,626.0,1.0,"Bill Clinton"
spe_1995_0124_clinton,2735.0,1.0,"Bill Clinton"
spe_1997_0120_clinton,611.0,1.0,"Bill Clinton"
spe_1994_0606_clinton,73.0,1.0,"Bill Clinton with noise"
spe_1995_1130_clinton,163.0,1.0,"Applause"
spe_1997_0120_clinton,1327.0,1.0,"Bill Clinton with noise"
spe_1993_1208_clinton,207.0,1.0,"Bill Clinton"
spe_1995_0124_clinton,2753.0,1.0,"Bill Clinton"
spe_1993_0606_clinton,424.0,1.0,"Bill Clinton"
spe_1993_0430_clinton,1620.0,1.0,"Bill Clinton"
spe_1993_0606_clinton,527.0,1.0,"Silence"
spe_1996_0829_clinton,3716.0,1.0,"Bill Clinton"
spe_1994_0606_clinton,468.0,1.0,"Bill Clinton with noise"
spe_1995_1016_clinton,1057.0,1.0,"Applause"
spe_1997_0204_clinton,1018.0,1.0,"Bill Clinton"
spe_1993_0205_clinton,333.0,1.0,"Bill Clinton"
spe_1998_0817_clinton,193.0,1.0,"Bill Clinton"
spe_1999_0610_clinton,453.0,1.0,"Bill Clinton"
spe_2001_0118_clinton,93.0,1.0,"Mostly silence"
spe_1993_0205_clinton,244.0,1.0,"Bill Clinton"
spe_2000_0127_clinton,2986.0,1.0,"Bill Clinton with noise"
spe_1998_0817_clinton,172.0,1.0,"Mostly silence"
spe_2000_0127_clinton,689.0,1.0,"Applause"
spe_1994_0606_clinton,191.0,1.0,"Bill Clinton with noise"
spe_1996_0625_clinton,601.0,1.0,"Bill Clinton"
spe_1996_0123_clinton,1985.0,1.0,"Applause"
spe_1993_0129_clinton,477.0,1.0,"Bill Clinton"
spe_1998_0323_clinton,521.0,1.0,"Bill Clinton"
spe_1998_0817_clinton,45.0,1.0,"Bill Clinton"
spe_1996_0829_clinton,2740.0,1.0,"Bill Clinton with noise"
spe_1993_1208_clinton,1125.0,1.0,"Applause"
spe_1993_0430_clinton,517.0,1.0,"Applause"
spe_1993_0120_clinton,20.0,1.0,"Applause"
spe_1993_0120_clinton,663.0,1.0,"Bill Clinton"
spe_1998_0325_clinton,1126.0,1.0,"Bill Clinton with noise"
spe_1993_1113_clinton,26.0,1.0,"Applause"
spe_1999_0119_clinton,3392.0,1.0,"Applause"
spe_1993_1113_clinton,79.0,1.0,"Applause"
spe_1998_0325_clinton,418.0,1.0,"Bill Clinton"
spe_1993_0129_clinton,644.0,1.0,"Bill Clinton"
spe_1993_0129_clinton,668.0,1.0,"Bill Clinton"
spe_1993_0205_clinton,231.0,1.0,"Bill Clinton"
spe_1995_1127_clinton,1137.0,1.0,"Bill Clinton"
spe_1995_0719_clinton,955.0,1.0,"Bill Clinton"
spe_1998_0126_clinton,383.0,1.0,"Bill Clinton"
spe_1993_1007_clinton,211.0,1.0,"Bill Clinton"
spe_1997_0422_clinton,47.0,1.0,"Applause"
spe_1993_0120_clinton,217.0,1.0,"Mostly silence"
spe_1998_0323_clinton,866.0,1.0,"Bill Clinton"
spe_1995_0719_clinton,309.0,1.0,"Bill Clinton"
spe_1994_0606_clinton,632.0,1.0,"Bill Clinton with noise"
spe_1999_0324_clinton,168.0,1.0,"Bill Clinton"
spe_1993_0505_clinton,33.0,1.0,"Bill Clinton"
spe_1995_1127_clinton,968.0,1.0,"Bill Clinton"
spe_1993_0120_clinton,114.0,1.0,"Bill Clinton"
spe_1993_0120_clinton,304.0,1.0,"Bill Clinton"
spe_1998_0126_clinton,270.0,1.0,"Bill Clinton"
spe_1994_0125_clinton,594.0,1.0,"Bill Clinton"
spe_1999_0119_clinton,900.0,1.0,"Applause"
spe_1993_1208_clinton,1005.0,1.0,"Bill Clinton"
spe_1996_1103_clinton,1368.0,1.0,"Bill Clinton with noise"
spe_2001_0118_clinton,268.0,1.0,"Bill Clinton"
spe_1993_0430_clinton,1709.0,1.0,"Bill Clinton"
spe_1996_0123_clinton,3292.0,1.0,"Applause"
spe_1995_1130_clinton,1187.0,1.0,"Applause"
spe_1993_1113_clinton,17.0,1.0,"Applause"
spe_1999_0610_clinton,281.0,1.0,"Bill Clinton"
spe_1995_0124_clinton,734.0,1.0,"Applause"
spe_1993_0505_clinton,67.0,1.0,"Bill Clinton"
spe_1995_0423_clinton,89.0,1.0,"Bill Clinton"
spe_1998_0323_clinton,361.0,1.0,"Bill Clinton"
spe_1998_0127_clinton,974.0,1.0,"Bill Clinton"
spe_1997_0204_clinton,1561.0,1.0,"Bill Clinton"
spe_1993_0430_clinton,1964.0,1.0,"Bill Clinton"
spe_1998_0325_clinton,147.0,1.0,"Bill Clinton"
spe_1993_0922_clinton,1143.0,1.0,"Applause"
spe_1995_0719_clinton,761.0,1.0,"Bill Clinton"
spe_1998_0126_clinton,67.0,1.0,"Bill Clinton with noise"
spe_1993_0129_clinton,123.0,1.0,"Bill Clinton"
spe_1999_0324_clinton,632.0,1.0,"Bill Clinton"
spe_1997_0120_clinton,1312.0,1.0,"Bill Clinton"
spe_1993_1007_clinton,164.0,1.0,"Bill Clinton"
spe_1998_0126_clinton,258.0,1.0,"Bill Clinton with noise"
spe_1998_0817_clinton,85.0,1.0,"Bill Clinton"
spe_1993_1113_clinton,140.0,1.0,"Applause"
spe_1993_1007_clinton,524.0,1.0,"Bill Clinton"
spe_1993_0913_clinton,3492.0,1.0,"Male"
spe_1995_0423_clinton,441.0,1.0,"Applause"
spe_1993_1113_clinton,928.0,1.0,"Applause"
spe_1996_0625_clinton,575.0,1.0,"Bill Clinton"
spe_1997_0422_clinton,274.0,1.0,"Applause"
spe_1996_0829_clinton,311.0,1.0,"Bill Clinton"
spe_1996_0829_clinton,3173.0,1.0,"Applause"
spe_1995_1016_clinton,675.0,1.0,"Bill Clinton"
spe_1998_0126_clinton,156.0,1.0,"Applause"
spe_1996_1006_clinton,2452.0,1.0,"Bill Clinton"
spe_1998_0325_clinton,899.0,1.0,"Mostly silence"
spe_1993_1007_clinton,648.0,1.0,"Mostly silence"
spe_1995_1127_clinton,40.0,1.0,"Bill Clinton"
spe_1999_0324_clinton,507.0,1.0,"Bill Clinton"
spe_1996_0123_clinton,1775.0,1.0,"Applause"
spe_1996_0123_clinton,1903.0,1.0,"Bill Clinton"
spe_1995_1127_clinton,970.0,1.0,"Bill Clinton"
spe_1993_0922_clinton,2334.0,1.0,"Bill Clinton"
spe_1993_0505_clinton,377.0,1.0,"Bill Clinton"
spe_1997_0120_clinton,488.0,1.0,"Bill Clinton with noise"
spe_1996_0123_clinton,1933.0,1.0,"Bill Clinton"
spe_1997_0422_clinton,51.0,1.0,"Bill Clinton with noise"
spe_1997_0422_clinton,51.0,1.0,"Bill Clinton"
spe_1995_1016_clinton,1491.0,1.0,"Bill Clinton"
spe_2000_0127_clinton,3960.0,1.0,"Bill Clinton"
spe_1993_0430_clinton,325.0,1.0,"Bill Clinton"
spe_1996_0625_clinton,558.0,1.0,"Bill Clinton"
spe_1993_0606_clinton,56.0,1.0,"Noise"
spe_1998_0126_clinton,8.0,1.0,"Silence"
spe_1996_0123_clinton,1241.0,1.0,"Applause"
spe_1996_0829_clinton,364.0,1.0,"Bill Clinton"
spe_1994_0712_clinton,445.0,1.0,"Applause"
spe_2001_0118_clinton,357.0,1.0,"Bill Clinton with noise"
spe_1995_1016_clinton,1778.0,1.0,"Bill Clinton"
spe_1994_0606_clinton,115.0,1.0,"Bill Clinton with noise"
spe_2001_0118_clinton,268.0,1.0,"Bill Clinton"
spe_1993_0430_clinton,1443.0,1.0,"Bill Clinton"
spe_1995_1016_clinton,767.0,1.0,"Applause"
spe_1998_0126_clinton,342.0,1.0,"Applause"
spe_1993_1113_clinton,1278.0,1.0,"Bill Clinton with noise"
spe_1996_0625_clinton,36.0,1.0,"Bill Clinton"
spe_1999_0610_clinton,525.0,1.0,"Bill Clinton"
spe_1998_0323_clinton,637.0,1.0,"Bill Clinton"
spe_1995_0423_clinton,238.0,1.0,"Bill Clinton with noise"
spe_1993_0217_clinton,3297.0,1.0,"Bill Clinton with noise"
spe_1993_1113_clinton,702.0,1.0,"Bill Clinton"
spe_1996_1006_clinton,3826.0,1.0,"Mostly silence"
spe_1998_0323_clinton,859.0,1.0,"Bill Clinton"
spe_1993_1007_clinton,311.0,1.0,"Bill Clinton"
spe_1993_0913_clinton,2580.0,1.0,"Male"
spe_1995_1016_clinton,568.0,1.0,"Bill Clinton"
spe_1996_1103_clinton,1418.0,1.0,"Bill Clinton"
spe_2001_0118_clinton,190.0,1.0,"Bill Clinton with noise"
spe_1995_0124_clinton,3147.0,1.0,"Applause"
spe_1993_1113_clinton,1167.0,1.0,"Bill Clinton"
spe_1996_0123_clinton,544.0,1.0,"Bill Clinton"
spe_1995_1016_clinton,821.0,1.0,"Bill Clinton"
spe_1993_0505_clinton,72.0,1.0,"Bill Clinton"
spe_1996_1103_clinton,1275.0,1.0,"Bill Clinton with noise"
spe_1996_1103_clinton,1275.0,1.0,"Bill Clinton"
spe_1998_0126_clinton,425.0,1.0,"Silence"
spe_1997_0422_clinton,12.0,1.0,"Bill Clinton with noise"
spe_1993_0922_clinton,2130.0,1.0,"Bill Clinton"
spe_1998_0323_clinton,151.0,1.0,"Bill Clinton"
spe_1995_1130_clinton,956.0,1.0,"Bill Clinton"
spe_1993_0606_clinton,175.0,1.0,"Bill Clinton"
spe_1995_1127_clinton,770.0,1.0,"Bill Clinton"
spe_1997_0422_clinton,565.0,1.0,"Silence"
spe_1997_0120_clinton,508.0,1.0,"Bill Clinton with noise"
spe_1994_0712_clinton,537.0,1.0,"Bill Clinton"
spe_1993_0922_clinton,1598.0,1.0,"Bill Clinton"
spe_1993_1113_clinton,1095.0,1.0,"Bill Clinton with noise"
spe_1996_0123_clinton,2605.0,1.0,"Bill Clinton with noise"
spe_1996_0123_clinton,2605.0,1.0,"Bill Clinton"
spe_1994_0125_clinton,2039.0,1.0,"Bill Clinton"
spe_1994_0712_clinton,524.0,1.0,"Applause"
spe_1993_0217_clinton,2130.0,1.0,"Bill Clinton with noise"
spe_1995_0423_clinton,237.0,1.0,"Bill Clinton with noise"
spe_1994_0712_clinton,520.0,1.0,"Applause"
spe_2000_0127_clinton,4665.0,1.0,"Bill Clinton"
spe_1995_0124_clinton,3160.0,1.0,"Bill Clinton"
spe_1995_0423_clinton,272.0,1.0,"Bill Clinton"
spe_1998_0127_clinton,3182.0,1.0,"Bill Clinton"
spe_1993_0430_clinton,970.0,1.0,"Bill Clinton"
spe_1998_0323_clinton,550.0,1.0,"Bill Clinton"
spe_1996_0625_clinton,680.0,1.0,"Bill Clinton"
spe_1997_0204_clinton,815.0,1.0,"Bill Clinton"
spe_1993_0430_clinton,1504.0,1.0,"Applause"
spe_1996_1006_clinton,3186.0,1.0,"Bill Clinton"
spe_1994_0606_clinton,183.0,1.0,"Bill Clinton with noise"
spe_1998_0325_clinton,979.0,1.0,"Bill Clinton"
spe_1996_0829_clinton,972.0,1.0,"Applause"
spe_1994_0606_clinton,525.0,1.0,"Bill Clinton with noise"
spe_1999_0119_clinton,3252.0,1.0,"Applause"
spe_1998_0126_clinton,36.0,1.0,"Bill Clinton"
spe_1998_0323_clinton,794.0,1.0,"Bill Clinton"
spe_1998_0323_clinton,576.0,1.0,"Bill Clinton with noise"
spe_1995_0719_clinton,2171.0,1.0,"Bill Clinton"
spe_1998_0817_clinton,22.0,1.0,"Bill Clinton"
spe_1993_0922_clinton,1339.0,1.0,"Bill Clinton"
spe_1999_0119_clinton,4476.0,1.0,"Bill Clinton"
spe_1999_0324_clinton,246.0,1.0,"Bill Clinton"
spe_1996_1006_clinton,254.0,1.0,"Male"
spe_1994_0606_clinton,435.0,1.0,"Noise"
spe_1993_0129_clinton,488.0,1.0,"Multiple Speakers"
spe_1996_0625_clinton,709.0,1.0,"Bill Clinton"
spe_2001_0118_clinton,100.0,1.0,"Bill Clinton with noise"
spe_1994_0125_clinton,1003.0,1.0,"Bill Clinton"
spe_1993_0505_clinton,208.0,1.0,"Bill Clinton"
spe_1999_0610_clinton,610.0,1.0,"Bill Clinton"
spe_1993_0430_clinton,70.0,1.0,"Bill Clinton"
spe_1995_1016_clinton,1166.0,1.0,"Bill Clinton"
spe_2000_0127_clinton,978.0,1.0,"Bill Clinton"
spe_2001_0118_clinton,132.0,1.0,"Bill Clinton with noise"
spe_1997_0422_clinton,307.0,1.0,"Bill Clinton"
spe_1994_0125_clinton,243.0,1.0,"Applause"
spe_1993_0205_clinton,55.0,1.0,"Bill Clinton"
spe_1998_0325_clinton,529.0,1.0,"Bill Clinton"
spe_1996_1103_clinton,370.0,1.0,"Applause"
spe_1995_1016_clinton,1521.0,1.0,"Bill Clinton"
spe_1995_0124_clinton,3954.0,1.0,"Bill Clinton"
spe_2001_0118_clinton,350.0,1.0,"Bill Clinton with noise"
spe_1994_0606_clinton,539.0,1.0,"Bill Clinton with noise"
spe_1996_0829_clinton,222.0,1.0,"Bill Clinton"
spe_1998_0323_clinton,786.0,1.0,"Bill Clinton"
spe_1993_0129_clinton,655.0,1.0,"Bill Clinton"
spe_1993_0430_clinton,207.0,1.0,"Bill Clinton"
spe_1995_1130_clinton,83.0,1.0,"Bill Clinton"
spe_1995_1016_clinton,1873.0,1.0,"Bill Clinton"
spe_1996_0123_clinton,3414.0,1.0,"Applause"
spe_1993_0205_clinton,181.0,1.0,"Bill Clinton"
spe_1996_1006_clinton,4523.0,1.0,"Male"
spe_1994_0712_clinton,265.0,1.0,"Bill Clinton"
spe_1998_0127_clinton,1126.0,1.0,"Bill Clinton"
spe_1996_1006_clinton,4901.0,1.0,"Male"
spe_1998_0126_clinton,30.0,1.0,"Bill Clinton"
spe_1993_0505_clinton,227.0,1.0,"Bill Clinton"
spe_1993_0505_clinton,379.0,1.0,"Bill Clinton"
spe_1995_0124_clinton,378.0,1.0,"Bill Clinton"
spe_1998_0325_clinton,148.0,1.0,"Bill Clinton"
spe_1995_0423_clinton,262.0,1.0,"Bill Clinton with noise"
spe_1993_0913_clinton,340.0,1.0,"Bill Clinton"
spe_1997_0120_clinton,704.0,1.0,"Silence"
spe_1994_0125_clinton,2807.0,1.0,"Bill Clinton"
spe_1998_0325_clinton,168.0,1.0,"Bill Clinton"
spe_2001_0118_clinton,196.0,1.0,"Bill Clinton with noise"
spe_1995_0423_clinton,244.0,1.0,"Bill Clinton"
spe_1993_0205_clinton,225.0,1.0,"Bill Clinton"
spe_1994_0712_clinton,307.0,1.0,"Bill Clinton"
spe_1995_1016_clinton,1419.0,1.0,"Applause"
spe_1995_0423_clinton,333.0,1.0,"Applause"
spe_1993_0120_clinton,277.0,1.0,"Bill Clinton"
spe_1999_0119_clinton,3778.0,1.0,"Bill Clinton with noise"
spe_1993_0217_clinton,2994.0,1.0,"Applause"
spe_1997_0422_clinton,15.0,1.0,"Silence"
spe_1999_0610_clinton,99.0,1.0,"Bill Clinton"
spe_1999_0324_clinton,298.0,1.0,"Bill Clinton"
spe_1995_0719_clinton,1444.0,1.0,"Bill Clinton"
spe_1994_0606_clinton,225.0,1.0,"Bill Clinton with noise"
spe_1995_0124_clinton,4094.0,1.0,"Bill Clinton"
spe_2000_0127_clinton,1690.0,1.0,"Applause"
spe_2000_0127_clinton,1690.0,1.0,"Applause"
spe_1995_0719_clinton,714.0,1.0,"Bill Clinton"
spe_1993_0606_clinton,533.0,1.0,"Silence"
spe_1993_0606_clinton,533.0,1.0,"Bill Clinton"
spe_1994_0125_clinton,3645.0,1.0,"Bill Clinton"
spe_1995_0124_clinton,558.0,1.0,"Applause"
spe_1996_0123_clinton,268.0,1.0,"Bill Clinton"
spe_1999_0119_clinton,263.0,1.0,"Bill Clinton"
spe_1996_1103_clinton,1259.0,1.0,"Bill Clinton"
spe_1998_0323_clinton,581.0,1.0,"Bill Clinton"
spe_1999_0324_clinton,777.0,1.0,"Bill Clinton"
spe_1998_0323_clinton,82.0,1.0,"Bill Clinton"
spe_1996_0829_clinton,3127.0,1.0,"Bill Clinton"
spe_1993_0505_clinton,226.0,1.0,"Bill Clinton"
spe_1996_1006_clinton,2693.0,1.0,"Male"
spe_1995_0719_clinton,196.0,1.0,"Bill Clinton"
spe_1998_0325_clinton,473.0,1.0,"Bill Clinton"
spe_1995_0719_clinton,1201.0,1.0,"Bill Clinton"
spe_1999_0324_clinton,122.0,1.0,"Mostly silence"
spe_1996_1006_clinton,5368.0,1.0,"Silence"
spe_1993_0505_clinton,422.0,1.0,"Bill Clinton"
spe_1997_0422_clinton,320.0,1.0,"Bill Clinton with noise"
spe_1995_0719_clinton,1085.0,1.0,"Applause"
spe_1993_1208_clinton,122.0,1.0,"Bill Clinton"
spe_1997_0422_clinton,175.0,1.0,"Applause"
spe_1993_0922_clinton,1735.0,1.0,"Bill Clinton"
spe_1993_1113_clinton,691.0,1.0,"Bill Clinton with noise"
spe_1997_0204_clinton,1614.0,1.0,"Bill Clinton"
spe_2000_0127_clinton,3904.0,1.0,"Applause"
spe_1998_0126_clinton,375.0,1.0,"Bill Clinton with noise"
spe_1995_0423_clinton,237.0,1.0,"Bill Clinton with noise"
spe_1993_0922_clinton,1789.0,1.0,"Bill Clinton"
spe_1995_1016_clinton,1417.0,1.0,"Bill Clinton"
spe_1997_0422_clinton,31.0,1.0,"Bill Clinton"
spe_1995_0719_clinton,1104.0,1.0,"Bill Clinton"
spe_1998_0325_clinton,1032.0,1.0,"Silence"
spe_1993_0120_clinton,524.0,1.0,"Bill Clinton"
spe_1993_1208_clinton,1226.0,1.0,"Applause"
spe_1993_1007_clinton,426.0,1.0,"Bill Clinton"
spe_1996_0625_clinton,24.0,1.0,"Bill Clinton"
spe_1993_0129_clinton,15.0,1.0,"Bill Clinton with noise"
spe_1993_0505_clinton,197.0,1.0,"Bill Clinton"
spe_1993_1007_clinton,685.0,1.0,"Silence"
spe_1993_0129_clinton,370.0,1.0,"Bill Clinton"
spe_1996_1006_clinton,4857.0,1.0,"Bill Clinton"
spe_1994_0712_clinton,550.0,1.0,"Bill Clinton"
spe_2000_0127_clinton,242.0,1.0,"Bill Clinton"
spe_1993_0120_clinton,687.0,1.0,"Bill Clinton"
spe_1995_0124_clinton,2214.0,1.0,"Bill Clinton"
spe_1996_0123_clinton,871.0,1.0,"Bill Clinton"
spe_1997_0120_clinton,623.0,1.0,"Bill Clinton with noise"
spe_1993_0129_clinton,437.0,1.0,"Bill Clinton"
spe_1993_0217_clinton,2363.0,1.0,"Bill Clinton with noise"
spe_1995_0719_clinton,507.0,1.0,"Bill Clinton"
spe_1993_0217_clinton,914.0,1.0,"Bill Clinton"
spe_2001_0118_clinton,171.0,1.0,"Bill Clinton with noise"
spe_1999_0610_clinton,342.0,1.0,"Bill Clinton"
spe_1994_0125_clinton,982.0,1.0,"Bill Clinton"
spe_2000_0127_clinton,3737.0,1.0,"Bill Clinton"
spe_1993_0205_clinton,363.0,1.0,"Bill Clinton"
spe_1995_0124_clinton,3428.0,1.0,"Bill Clinton"
spe_1996_0123_clinton,2956.0,1.0,"Applause"
spe_1996_0625_clinton,298.0,1.0,"Bill Clinton"
spe_1999_0324_clinton,722.0,1.0,"Bill Clinton"
spe_1993_0505_clinton,336.0,1.0,"Mostly silence"
spe_1998_0323_clinton,210.0,1.0,"Bill Clinton"
spe_1993_0606_clinton,163.0,1.0,"Bill Clinton"
spe_2001_0118_clinton,378.0,1.0,"Bill Clinton"
spe_1993_0913_clinton,3341.0,1.0,"Male"
spe_2001_0118_clinton,346.0,1.0,"Bill Clinton with noise"
spe_1993_0913_clinton,1858.0,1.0,"Noise"
spe_1996_1006_clinton,241.0,1.0,"Male"
spe_1993_1208_clinton,1018.0,1.0,"Bill Clinton"
spe_1993_1007_clinton,385.0,1.0,"Bill Clinton"
spe_2000_0127_clinton,172.0,1.0,"Applause"
spe_2000_0127_clinton,668.0,1.0,"Applause"
spe_1993_1113_clinton,1331.0,1.0,"Bill Clinton"
spe_1993_0217_clinton,2196.0,1.0,"Bill Clinton with noise"
spe_1994_0606_clinton,81.0,1.0,"Bill Clinton"
spe_1995_1016_clinton,1403.0,1.0,"Applause"
spe_1997_0120_clinton,780.0,1.0,"Bill Clinton with noise"
spe_1998_0127_clinton,1605.0,1.0,"Bill Clinton"
spe_1996_0123_clinton,2585.0,1.0,"Applause"
spe_1998_0817_clinton,44.0,1.0,"Bill Clinton"
spe_1993_0205_clinton,447.0,1.0,"Silence"
spe_1993_0922_clinton,2066.0,1.0,"Bill Clinton"
spe_1993_1208_clinton,46.0,1.0,"Bill Clinton"
spe_1996_1103_clinton,309.0,1.0,"Bill Clinton"
spe_1993_1113_clinton,1016.0,1.0,"Bill Clinton"
spe_1995_0423_clinton,182.0,1.0,"Bill Clinton"
spe_1998_0127_clinton,2286.0,1.0,"Applause"
spe_1993_0120_clinton,619.0,1.0,"Silence"
spe_1998_0817_clinton,45.0,1.0,"Bill Clinton"
spe_1993_0129_clinton,705.0,1.0,"Male with noise"
spe_1993_0606_clinton,191.0,1.0,"Bill Clinton"
spe_1993_0606_clinton,273.0,1.0,"Bill Clinton"
spe_1997_0204_clinton,692.0,1.0,"Bill Clinton with noise"
spe_1993_0606_clinton,396.0,1.0,"Bill Clinton"
spe_2001_0118_clinton,436.0,1.0,"Bill Clinton with noise"
spe_1999_0610_clinton,128.0,1.0,"Bill Clinton"
spe_1999_0610_clinton,148.0,1.0,"Bill Clinton"
spe_1999_0610_clinton,305.0,1.0,"Bill Clinton"
spe_1993_0129_clinton,51.0,1.0,"Bill Clinton with noise"
spe_1997_0204_clinton,3430.0,1.0,"Bill Clinton"
spe_1997_0204_clinton,3430.0,1.0,"Bill Clinton"
spe_1993_0505_clinton,55.0,1.0,"Applause"
spe_1998_0817_clinton,159.0,1.0,"Bill Clinton"
spe_1993_0217_clinton,1614.0,1.0,"Applause"
spe_1993_0217_clinton,1194.0,1.0,"Bill Clinton"
spe_1993_1007_clinton,265.0,1.0,"Bill Clinton"
spe_1993_0217_clinton,3483.0,1.0,"Bill Clinton with noise"
spe_1998_0325_clinton,185.0,1.0,"Mostly silence"
spe_1993_0205_clinton,355.0,1.0,"Bill Clinton"
spe_1993_0129_clinton,840.0,1.0,"Bill Clinton"
spe_1993_1007_clinton,277.0,1.0,"Bill Clinton"
spe_1993_0430_clinton,1823.0,1.0,"Bill Clinton"
spe_1993_0913_clinton,3465.0,1.0,"Male"
spe_1998_0325_clinton,344.0,1.0,"Bill Clinton with noise"
spe_1993_0129_clinton,67.0,1.0,"Mostly silence"
spe_1994_0606_clinton,250.0,1.0,"Bill Clinton with noise"
spe_1993_0606_clinton,424.0,1.0,"Bill Clinton"
spe_1998_0127_clinton,3415.0,1.0,"Bill Clinton"
spe_1993_0205_clinton,135.0,1.0,"Applause"
spe_1996_1103_clinton,60.0,1.0,"Bill Clinton"
spe_2001_0118_clinton,217.0,1.0,"Bill Clinton with noise"
spe_1993_0505_clinton,104.0,1.0,"Bill Clinton"
spe_1993_0430_clinton,1876.0,1.0,"Bill Clinton"
spe_1993_0913_clinton,2508.0,1.0,"Male"
spe_1993_0129_clinton,914.0,1.0,"Silence"
spe_1996_0625_clinton,63.0,1.0,"Bill Clinton"
spe_1998_0325_clinton,474.0,1.0,"Bill Clinton"
spe_1993_0120_clinton,522.0,1.0,"Bill Clinton"
spe_1995_0719_clinton,2499.0,1.0,"Bill Clinton"
spe_1994_0606_clinton,443.0,1.0,"Bill Clinton with noise"
spe_1993_0120_clinton,504.0,1.0,"Bill Clinton"
spe_1995_1016_clinton,760.0,1.0,"Bill Clinton"
spe_1996_1103_clinton,547.0,1.0,"Bill Clinton"
spe_1993_0205_clinton,185.0,1.0,"Mostly silence"
spe_2000_0127_clinton,1978.0,1.0,"Applause"
spe_1999_0324_clinton,508.0,1.0,"Bill Clinton"
spe_1994_0125_clinton,3449.0,1.0,"Bill Clinton with noise"
spe_1994_0125_clinton,3449.0,1.0,"Bill Clinton"
spe_1993_0505_clinton,140.0,1.0,"Bill Clinton"
spe_1993_1113_clinton,451.0,1.0,"Applause"
spe_1993_0606_clinton,30.0,1.0,"Bill Clinton"
spe_1995_0423_clinton,496.0,1.0,"Bill Clinton"
spe_1994_0606_clinton,195.0,1.0,"Bill Clinton with noise"
spe_1993_0505_clinton,414.0,1.0,"Bill Clinton"
spe_1994_0606_clinton,214.0,1.0,"Bill Clinton with noise"
spe_1998_0127_clinton,1159.0,1.0,"Bill Clinton with noise"
spe_1993_0606_clinton,508.0,1.0,"Noise"
spe_1993_1113_clinton,987.0,1.0,"Bill Clinton"
spe_1998_0126_clinton,103.0,1.0,"Bill Clinton with noise"
spe_1999_0119_clinton,670.0,1.0,"Bill Clinton"
spe_1993_0205_clinton,109.0,1.0,"Bill Clinton"
spe_1998_0323_clinton,267.0,1.0,"Bill Clinton"
spe_1995_0124_clinton,1375.0,1.0,"Bill Clinton"
spe_1994_0712_clinton,432.0,1.0,"Bill Clinton"
spe_1997_0120_clinton,636.0,1.0,"Bill Clinton with noise"
spe_1998_0126_clinton,362.0,1.0,"Bill Clinton"
spe_1993_0922_clinton,476.0,1.0,"Bill Clinton"
spe_1993_0913_clinton,2716.0,1.0,"Male"
spe_1995_1016_clinton,1230.0,1.0,"Bill Clinton"
spe_1999_0324_clinton,390.0,1.0,"Bill Clinton"
spe_1997_0120_clinton,937.0,1.0,"Silence"
spe_1999_0119_clinton,2826.0,1.0,"Bill Clinton with noise"
spe_2000_0127_clinton,2642.0,1.0,"Applause"
spe_2000_0127_clinton,2289.0,1.0,"Bill Clinton with noise"
spe_1998_0323_clinton,793.0,1.0,"Bill Clinton"
spe_1999_0119_clinton,1570.0,1.0,"Applause"
spe_1993_0606_clinton,61.0,1.0,"Mostly silence"
spe_2000_0127_clinton,2106.0,1.0,"Bill Clinton"
spe_1993_1007_clinton,449.0,1.0,"Bill Clinton"
spe_1993_0922_clinton,22.0,1.0,"Bill Clinton"
spe_1995_1016_clinton,1620.0,1.0,"Bill Clinton"
spe_1993_0120_clinton,815.0,1.0,"Bill Clinton"
spe_1993_1113_clinton,1828.0,1.0,"Bill Clinton with noise"
spe_1993_0120_clinton,106.0,1.0,"Bill Clinton"
spe_1995_0124_clinton,2069.0,1.0,"Bill Clinton"
spe_1997_0120_clinton,622.0,1.0,"Bill Clinton"
spe_1993_0120_clinton,620.0,1.0,"Bill Clinton"
spe_1994_0606_clinton,689.0,1.0,"Applause"
spe_1994_0712_clinton,169.0,1.0,"Bill Clinton"
spe_1993_0120_clinton,150.0,1.0,"Bill Clinton"
spe_1993_0922_clinton,2475.0,1.0,"Bill Clinton"
spe_1997_0204_clinton,2460.0,1.0,"Bill Clinton"
spe_1996_0123_clinton,2198.0,1.0,"Bill Clinton with noise"
spe_1994_0125_clinton,2880.0,1.0,"Bill Clinton with noise"
spe_1996_1103_clinton,1142.0,1.0,"Bill Clinton"
spe_1993_0430_clinton,1627.0,1.0,"Bill Clinton"
spe_1993_0913_clinton,118.0,1.0,"Bill Clinton"
spe_1997_0422_clinton,418.0,1.0,"Bill Clinton"
spe_1993_1007_clinton,377.0,1.0,"Bill Clinton"
spe_1998_0323_clinton,96.0,1.0,"Bill Clinton with noise"
spe_1993_0505_clinton,432.0,1.0,"Mostly silence"
spe_1997_0422_clinton,65.0,1.0,"Bill Clinton"
spe_1998_0817_clinton,10.0,1.0,"Bill Clinton with noise"
spe_1995_0719_clinton,2879.0,1.0,"Bill Clinton"
spe_1995_0719_clinton,2508.0,1.0,"Bill Clinton"
spe_1995_0423_clinton,60.0,1.0,"Bill Clinton with noise"
spe_1993_1007_clinton,168.0,1.0,"Bill Clinton with noise"
spe_1994_0712_clinton,41.0,1.0,"Applause"
spe_1998_0323_clinton,40.0,1.0,"Applause"
spe_1993_0505_clinton,118.0,1.0,"Bill Clinton"
spe_1999_0119_clinton,1586.0,1.0,"Bill Clinton with noise"
spe_1993_0120_clinton,777.0,1.0,"Bill Clinton"
spe_1993_0205_clinton,48.0,1.0,"Silence"
spe_2001_0118_clinton,153.0,1.0,"Bill Clinton with noise"
spe_1999_0324_clinton,148.0,1.0,"Bill Clinton"
spe_1995_0423_clinton,216.0,1.0,"Bill Clinton"
spe_1997_0120_clinton,687.0,1.0,"Bill Clinton with noise"
spe_1994_0125_clinton,112.0,1.0,"Bill Clinton"
spe_1996_1006_clinton,3719.0,1.0,"Bill Clinton"
spe_1998_0817_clinton,52.0,1.0,"Bill Clinton"
spe_1998_0817_clinton,226.0,1.0,"Bill Clinton"
spe_1993_1007_clinton,650.0,1.0,"Bill Clinton"
spe_1996_1006_clinton,590.0,1.0,"Male"
spe_1993_0129_clinton,92.0,1.0,"Bill Clinton with noise"
spe_1996_1006_clinton,1802.0,1.0,"Male"
spe_1995_1016_clinton,297.0,1.0,"Bill Clinton"
spe_1993_0430_clinton,476.0,1.0,"Bill Clinton with noise"
spe_1997_0204_clinton,2061.0,1.0,"Bill Clinton"
spe_1997_0120_clinton,1319.0,1.0,"Bill Clinton"
spe_1993_0205_clinton,387.0,1.0,"Bill Clinton"
spe_1994_0125_clinton,1288.0,1.0,"Bill Clinton"
spe_1993_1007_clinton,307.0,1.0,"Bill Clinton"
spe_1997_0204_clinton,3227.0,1.0,"Bill Clinton"
spe_1999_0119_clinton,2707.0,1.0,"Applause"
spe_1997_0422_clinton,436.0,1.0,"Applause"
spe_1994_0606_clinton,102.0,1.0,"Bill Clinton with noise"
spe_1996_1006_clinton,4956.0,1.0,"Bill Clinton"
spe_1998_0323_clinton,98.0,1.0,"Applause"
spe_1993_0922_clinton,2835.0,1.0,"Bill Clinton"
spe_1998_0325_clinton,963.0,1.0,"Bill Clinton"
spe_1998_0817_clinton,66.0,1.0,"Bill Clinton"
spe_1999_0119_clinton,1483.0,1.0,"Bill Clinton"
spe_1998_0323_clinton,856.0,1.0,"Bill Clinton"
spe_1996_0625_clinton,221.0,1.0,"Bill Clinton"
spe_1995_0719_clinton,670.0,1.0,"Bill Clinton"
spe_1997_0422_clinton,302.0,1.0,"Bill Clinton"
spe_1996_0829_clinton,3461.0,1.0,"Bill Clinton"
spe_1998_0323_clinton,333.0,1.0,"Bill Clinton"
spe_1995_1130_clinton,969.0,1.0,"Bill Clinton with noise"
spe_1993_1113_clinton,1149.0,1.0,"Bill Clinton with noise"
spe_1996_0829_clinton,2492.0,1.0,"Bill Clinton"
spe_1999_0324_clinton,493.0,1.0,"Bill Clinton"
spe_1997_0422_clinton,289.0,1.0,"Bill Clinton with noise"
spe_1993_0217_clinton,349.0,1.0,"Bill Clinton with noise"
spe_1999_0610_clinton,396.0,1.0,"Bill Clinton"
spe_1998_0127_clinton,1499.0,1.0,"Bill Clinton"
spe_1997_0204_clinton,1835.0,1.0,"Bill Clinton"
spe_1995_0719_clinton,208.0,1.0,"Mostly silence"
spe_1995_0719_clinton,2319.0,1.0,"Bill Clinton"
spe_1997_0120_clinton,429.0,1.0,"Bill Clinton with noise"
spe_1995_1130_clinton,719.0,1.0,"Bill Clinton"
spe_1996_0829_clinton,136.0,1.0,"Applause"
spe_1993_0120_clinton,96.0,1.0,"Bill Clinton"
spe_1995_0124_clinton,2613.0,1.0,"Bill Clinton"
spe_1996_1103_clinton,1528.0,1.0,"Silence"
spe_1993_0913_clinton,2826.0,1.0,"Male"
spe_1996_1006_clinton,2763.0,1.0,"Bill Clinton"
spe_1993_0120_clinton,564.0,1.0,"Bill Clinton"
spe_1998_0126_clinton,37.0,1.0,"Bill Clinton with noise"
spe_1998_0817_clinton,42.0,1.0,"Bill Clinton"
spe_1994_0712_clinton,97.0,1.0,"Bill Clinton with noise"
spe_1998_0126_clinton,427.0,1.0,"Silence"
spe_1999_0324_clinton,244.0,1.0,"Mostly silence"
spe_1996_1006_clinton,5376.0,1.0,"Silence"
spe_1997_0422_clinton,390.0,1.0,"Bill Clinton"
spe_1997_0204_clinton,1720.0,1.0,"Applause"
spe_1994_0606_clinton,342.0,1.0,"Applause"
spe_1994_0125_clinton,2169.0,1.0,"Applause"
spe_1997_0422_clinton,298.0,1.0,"Bill Clinton"
spe_1995_0423_clinton,347.0,1.0,"Bill Clinton"
spe_1993_0129_clinton,230.0,1.0,"Applause"
spe_1993_1208_clinton,646.0,1.0,"Bill Clinton"
spe_1993_0430_clinton,729.0,1.0,"Bill Clinton"
spe_1998_0817_clinton,79.0,1.0,"Bill Clinton"
spe_1996_0829_clinton,2410.0,1.0,"Applause"
spe_1996_1006_clinton,2641.0,1.0,"Silence"
spe_1996_0625_clinton,360.0,1.0,"Applause"
spe_1998_0323_clinton,655.0,1.0,"Bill Clinton"
spe_1993_0205_clinton,316.0,1.0,"Bill Clinton"
spe_1996_0829_clinton,2463.0,1.0,"Bill Clinton"
spe_1993_1007_clinton,615.0,1.0,"Bill Clinton with noise"
spe_1993_1007_clinton,615.0,1.0,"Bill Clinton with noise"
spe_1995_0124_clinton,3083.0,1.0,"Applause"
spe_1998_0127_clinton,2975.0,1.0,"Bill Clinton"
spe_1996_0829_clinton,1539.0,1.0,"Bill Clinton"
spe_1998_0817_clinton,193.0,1.0,"Bill Clinton"
spe_1993_0129_clinton,298.0,1.0,"Bill Clinton"
spe_1997_0120_clinton,1088.0,1.0,"Silence"
spe_1996_0625_clinton,699.0,1.0,"Bill Clinton"
spe_1999_0324_clinton,218.0,1.0,"Mostly silence"
spe_1993_0120_clinton,241.0,1.0,"Bill Clinton"
spe_1998_0127_clinton,1228.0,1.0,"Bill Clinton with noise"
spe_1993_1113_clinton,1718.0,1.0,"Silence"
spe_1998_0127_clinton,3145.0,1.0,"Mostly silence"
spe_1995_0719_clinton,2258.0,1.0,"Bill Clinton"
spe_1993_0606_clinton,153.0,1.0,"Bill Clinton"
spe_1996_0829_clinton,524.0,1.0,"Silence"
spe_1994_0712_clinton,150.0,1.0,"Bill Clinton"
spe_1994_0606_clinton,563.0,1.0,"Bill Clinton with noise"
spe_1998_0325_clinton,542.0,1.0,"Applause"
spe_1995_1127_clinton,487.0,1.0,"Bill Clinton with noise"
spe_1995_0124_clinton,1075.0,1.0,"Bill Clinton"
spe_1997_0120_clinton,632.0,1.0,"Bill Clinton with noise"
spe_1995_1016_clinton,1257.0,1.0,"Bill Clinton"
spe_1995_1016_clinton,1229.0,1.0,"Bill Clinton"
spe_1999_0610_clinton,258.0,1.0,"Bill Clinton"
spe_1995_1016_clinton,1297.0,1.0,"Bill Clinton"
spe_1996_1103_clinton,143.0,1.0,"Bill Clinton"
spe_1993_1007_clinton,412.0,1.0,"Bill Clinton"
spe_1993_1113_clinton,1876.0,1.0,"Bill Clinton"
spe_1994_0712_clinton,207.0,1.0,"Bill Clinton with noise"
spe_1993_0606_clinton,230.0,1.0,"Bill Clinton"
spe_1995_0124_clinton,3214.0,1.0,"Bill Clinton"
spe_1999_0324_clinton,584.0,1.0,"Bill Clinton"
spe_1993_0217_clinton,153.0,1.0,"Bill Clinton with noise"
spe_1998_0325_clinton,414.0,1.0,"Bill Clinton"
spe_1995_1016_clinton,1576.0,1.0,"Applause"
spe_1993_0922_clinton,2867.0,1.0,"Bill Clinton"
spe_2000_0127_clinton,2571.0,1.0,"Applause"
spe_1997_0120_clinton,1758.0,1.0,"Bill Clinton with noise"
spe_1998_0323_clinton,747.0,1.0,"Bill Clinton"
spe_1993_1007_clinton,588.0,1.0,"Bill Clinton"
spe_1993_0217_clinton,2340.0,1.0,"Applause"
spe_1993_1007_clinton,130.0,1.0,"Bill Clinton"
spe_1996_0123_clinton,1561.0,1.0,"Bill Clinton"
spe_1994_0125_clinton,1028.0,1.0,"Applause"
spe_1994_0125_clinton,2386.0,1.0,"Bill Clinton"
spe_1995_0719_clinton,897.0,1.0,"Mostly silence"
spe_2001_0118_clinton,320.0,1.0,"Bill Clinton with noise"
spe_1998_0323_clinton,649.0,1.0,"Bill Clinton with noise"
spe_1993_0505_clinton,360.0,1.0,"Bill Clinton"
spe_1994_0712_clinton,470.0,1.0,"Bill Clinton with noise"
spe_1993_0922_clinton,842.0,1.0,"Bill Clinton"
spe_1993_1113_clinton,965.0,1.0,"Bill Clinton with noise"
spe_1993_0430_clinton,1325.0,1.0,"Bill Clinton"
spe_2001_0118_clinton,121.0,1.0,"Bill Clinton with noise"
spe_1993_0120_clinton,870.0,1.0,"Bill Clinton"
spe_1995_0124_clinton,4636.0,1.0,"Bill Clinton"
spe_1994_0606_clinton,247.0,1.0,"Bill Clinton with noise"
spe_1993_0217_clinton,3059.0,1.0,"Bill Clinton with noise"
spe_1993_1007_clinton,649.0,1.0,"Bill Clinton"
spe_1993_0922_clinton,1263.0,1.0,"Applause"
spe_1993_0505_clinton,104.0,1.0,"Bill Clinton"
spe_1993_0430_clinton,850.0,1.0,"Bill Clinton"
spe_1993_0606_clinton,428.0,1.0,"Mostly silence"
spe_1994_0606_clinton,540.0,1.0,"Bill Clinton with noise"
spe_1996_0123_clinton,3244.0,1.0,"Bill Clinton"
spe_1993_0120_clinton,673.0,1.0,"Bill Clinton"
spe_1999_0119_clinton,3582.0,1.0,"Bill Clinton with noise"
spe_1994_0606_clinton,496.0,1.0,"Bill Clinton with noise"
spe_1999_0119_clinton,3726.0,1.0,"Applause"
spe_1998_0126_clinton,27.0,1.0,"Bill Clinton with noise"
spe_1999_0610_clinton,593.0,1.0,"Mostly silence"
spe_1993_0129_clinton,14.0,1.0,"Silence"
spe_1996_1103_clinton,246.0,1.0,"Mostly silence"
spe_1994_0712_clinton,534.0,1.0,"Bill Clinton"
spe_1998_0325_clinton,189.0,1.0,"Silence"
spe_1995_1127_clinton,346.0,1.0,"Bill Clinton"
spe_1994_0712_clinton,1.0,1.0,"Silence"
spe_1993_0606_clinton,62.0,1.0,"Bill Clinton"
spe_1994_0125_clinton,303.0,1.0,"Bill Clinton"
spe_1999_0324_clinton,797.0,1.0,"Silence"
spe_1999_0610_clinton,509.0,1.0,"Bill Clinton"
spe_1998_0817_clinton,34.0,1.0,"Bill Clinton"
spe_1998_0325_clinton,155.0,1.0,"Mostly silence"
spe_1995_0423_clinton,156.0,1.0,"Applause"
spe_1996_0829_clinton,2113.0,1.0,"Bill Clinton"
spe_1995_1127_clinton,428.0,1.0,"Bill Clinton with noise"
spe_1999_0324_clinton,731.0,1.0,"Bill Clinton"
spe_1994_0712_clinton,105.0,1.0,"Bill Clinton with noise"
spe_1997_0120_clinton,1608.0,1.0,"Mostly silence"
spe_1995_0124_clinton,2542.0,1.0,"Applause"
spe_1994_0712_clinton,356.0,1.0,"Applause"
spe_1993_0606_clinton,483.0,1.0,"Bill Clinton"
spe_1995_1127_clinton,218.0,1.0,"Bill Clinton with noise"
spe_1993_0205_clinton,175.0,1.0,"Bill Clinton with noise"
spe_1995_0124_clinton,2591.0,1.0,"Bill Clinton"
spe_1995_0719_clinton,1635.0,1.0,"Bill Clinton"
spe_1993_0129_clinton,507.0,1.0,"Bill Clinton with noise"
spe_1997_0204_clinton,66.0,1.0,"Mostly silence"
spe_1993_1208_clinton,845.0,1.0,"Bill Clinton"
spe_1997_0204_clinton,1332.0,1.0,"Bill Clinton"
spe_1995_0719_clinton,2323.0,1.0,"Bill Clinton"
spe_1998_0126_clinton,418.0,1.0,"Silence"
spe_1995_0124_clinton,1534.0,1.0,"Bill Clinton"
spe_1993_0217_clinton,2716.0,1.0,"Bill Clinton with noise"
spe_1998_0325_clinton,287.0,1.0,"Bill Clinton with noise"
spe_1993_0217_clinton,2516.0,1.0,"Bill Clinton with noise"
spe_1994_0606_clinton,448.0,1.0,"Bill Clinton with noise"
spe_1994_0606_clinton,448.0,1.0,"Bill Clinton"
spe_1993_0505_clinton,306.0,1.0,"Bill Clinton"
spe_1995_1016_clinton,2131.0,1.0,"Bill Clinton"
spe_1993_0120_clinton,859.0,1.0,"Bill Clinton"
spe_1996_0123_clinton,3469.0,1.0,"Bill Clinton"
spe_1995_0719_clinton,1666.0,1.0,"Bill Clinton"
spe_1994_0606_clinton,421.0,1.0,"Bill Clinton with noise"
spe_1998_0323_clinton,300.0,1.0,"Bill Clinton with noise"
spe_1993_0913_clinton,981.0,1.0,"Silence"
spe_1994_0125_clinton,1686.0,1.0,"Applause"
spe_1994_0712_clinton,372.0,1.0,"Bill Clinton with noise"
spe_1998_0325_clinton,458.0,1.0,"Bill Clinton"
spe_1993_0922_clinton,274.0,1.0,"Bill Clinton with noise"
spe_2000_0127_clinton,316.0,1.0,"Bill Clinton"
spe_1993_0913_clinton,216.0,1.0,"Bill Clinton with noise"
spe_1997_0204_clinton,18.0,1.0,"Bill Clinton"
spe_1997_0204_clinton,1038.0,1.0,"Applause"
spe_1994_0712_clinton,317.0,1.0,"Applause"
spe_1993_0205_clinton,291.0,1.0,"Bill Clinton"
spe_1993_1208_clinton,1036.0,1.0,"Bill Clinton"
spe_1993_0913_clinton,3107.0,1.0,"Male"
spe_1995_1130_clinton,734.0,1.0,"Bill Clinton"
spe_1996_0829_clinton,3629.0,1.0,"Applause"
spe_1993_0120_clinton,392.0,1.0,"Applause"
spe_1996_0625_clinton,218.0,1.0,"Bill Clinton"
spe_1996_0829_clinton,3786.0,1.0,"Applause"
spe_1995_1127_clinton,666.0,1.0,"Bill Clinton"
spe_1998_0126_clinton,74.0,1.0,"Bill Clinton with noise"
spe_1993_0505_clinton,127.0,1.0,"Bill Clinton"
spe_1999_0610_clinton,634.0,1.0,"Bill Clinton"
spe_1999_0324_clinton,287.0,1.0,"Bill Clinton"
spe_1995_0124_clinton,1763.0,1.0,"Bill Clinton"
spe_1993_0505_clinton,168.0,1.0,"Bill Clinton"
spe_1997_0120_clinton,1600.0,1.0,"Bill Clinton"
spe_1994_0712_clinton,366.0,1.0,"Bill Clinton"
spe_1995_0719_clinton,598.0,1.0,"Bill Clinton"
spe_1996_0625_clinton,637.0,1.0,"Bill Clinton with noise"
spe_1996_1006_clinton,1584.0,1.0,"Bill Clinton with noise"
spe_1996_1006_clinton,2945.0,1.0,"Male"
spe_1993_0120_clinton,844.0,1.0,"Silence"
spe_1993_0913_clinton,1310.0,1.0,"Male"
spe_1993_0606_clinton,542.0,1.0,"Silence"
spe_1993_0217_clinton,2546.0,1.0,"Bill Clinton with noise"
spe_1997_0422_clinton,399.0,1.0,"Bill Clinton"
spe_1998_0323_clinton,743.0,1.0,"Bill Clinton with noise"
spe_1999_0610_clinton,313.0,1.0,"Bill Clinton"
spe_1996_1103_clinton,1313.0,1.0,"Applause"
spe_1995_0719_clinton,535.0,1.0,"Bill Clinton"
spe_1997_0120_clinton,809.0,1.0,"Bill Clinton"
spe_1993_0606_clinton,183.0,1.0,"Bill Clinton"
spe_1999_0119_clinton,2844.0,1.0,"Bill Clinton"
spe_1995_0423_clinton,6.0,1.0,"Applause"
spe_1996_1103_clinton,1461.0,1.0,"Applause"
spe_1995_0719_clinton,730.0,1.0,"Bill Clinton"
spe_1993_1007_clinton,438.0,1.0,"Bill Clinton"
spe_1997_0204_clinton,2508.0,1.0,"Bill Clinton"
spe_1999_0119_clinton,1452.0,1.0,"Bill Clinton with noise"
spe_1996_1103_clinton,634.0,1.0,"Mostly silence"
spe_1995_0423_clinton,290.0,1.0,"Bill Clinton"
spe_1998_0323_clinton,212.0,1.0,"Bill Clinton"
spe_1993_1007_clinton,52.0,1.0,"Mostly silence"
spe_1993_1007_clinton,577.0,1.0,"Bill Clinton"
spe_1996_1006_clinton,2383.0,1.0,"Bill Clinton"
spe_1998_0323_clinton,74.0,1.0,"Noise"
spe_2000_0127_clinton,3981.0,1.0,"Bill Clinton with noise"
spe_1993_1113_clinton,1419.0,1.0,"Bill Clinton"
spe_1995_0124_clinton,2313.0,1.0,"Bill Clinton"
spe_1993_0205_clinton,152.0,1.0,"Applause"
spe_1998_0126_clinton,114.0,1.0,"Bill Clinton with noise"
spe_1993_0505_clinton,343.0,1.0,"Bill Clinton"
spe_1996_0625_clinton,161.0,1.0,"Bill Clinton"
spe_1997_0204_clinton,881.0,1.0,"Bill Clinton"
spe_1993_0129_clinton,262.0,1.0,"Bill Clinton"
spe_1993_0217_clinton,3300.0,1.0,"Bill Clinton"
spe_1997_0422_clinton,233.0,1.0,"Bill Clinton"
spe_1993_0129_clinton,433.0,1.0,"Bill Clinton"
spe_1999_0119_clinton,1652.0,1.0,"Applause"
spe_1993_0922_clinton,2546.0,1.0,"Bill Clinton"
spe_1995_0423_clinton,116.0,1.0,"Bill Clinton with noise"
spe_1999_0610_clinton,19.0,1.0,"Bill Clinton"
spe_1993_0913_clinton,3738.0,1.0,"Applause"
spe_1995_1016_clinton,879.0,1.0,"Applause"
spe_1994_0606_clinton,685.0,1.0,"Applause"
spe_1997_0204_clinton,3299.0,1.0,"Applause"
spe_1998_0323_clinton,297.0,1.0,"Bill Clinton"
spe_1996_1006_clinton,4092.0,1.0,"Male"
spe_1993_1208_clinton,608.0,1.0,"Bill Clinton"
spe_1995_1127_clinton,505.0,1.0,"Bill Clinton"
spe_1993_1208_clinton,1122.0,1.0,"Applause"
spe_1994_0712_clinton,394.0,1.0,"Bill Clinton"
spe_1996_0829_clinton,2393.0,1.0,"Bill Clinton"
spe_1993_0913_clinton,217.0,1.0,"Bill Clinton"
spe_1998_0126_clinton,74.0,1.0,"Bill Clinton with noise"
spe_1997_0120_clinton,1369.0,1.0,"Bill Clinton with noise"
spe_1993_1007_clinton,309.0,1.0,"Bill Clinton"
spe_1993_1007_clinton,189.0,1.0,"Bill Clinton"
spe_1996_1103_clinton,54.0,1.0,"Bill Clinton"
spe_1998_0817_clinton,72.0,1.0,"Bill Clinton"
spe_1995_0423_clinton,514.0,1.0,"Bill Clinton with noise"
spe_2001_0118_clinton,184.0,1.0,"Bill Clinton with noise"
spe_1998_0817_clinton,15.0,1.0,"Mostly silence"
spe_1998_0817_clinton,15.0,1.0,"Bill Clinton"
spe_1994_0125_clinton,1768.0,1.0,"Bill Clinton"
spe_1994_0712_clinton,50.0,1.0,"Mostly silence"
spe_1996_0625_clinton,654.0,1.0,"Bill Clinton"
spe_2000_0127_clinton,3045.0,1.0,"Bill Clinton with noise"
spe_1994_0712_clinton,525.0,1.0,"Applause"
spe_1998_0126_clinton,242.0,1.0,"Bill Clinton with noise"
spe_1993_0205_clinton,280.0,1.0,"Bill Clinton"
spe_1993_0430_clinton,690.0,1.0,"Bill Clinton with noise"
spe_1998_0325_clinton,758.0,1.0,"Bill Clinton"
spe_1996_1006_clinton,1346.0,1.0,"Bill Clinton"
spe_1996_1006_clinton,4603.0,1.0,"Bill Clinton"
spe_1993_1007_clinton,342.0,1.0,"Bill Clinton"
spe_1999_0610_clinton,104.0,1.0,"Bill Clinton with noise"
spe_1994_0606_clinton,552.0,1.0,"Bill Clinton with noise"
spe_1997_0422_clinton,41.0,1.0,"Applause"
spe_1994_0712_clinton,178.0,1.0,"Bill Clinton"
spe_1998_0325_clinton,356.0,1.0,"Bill Clinton"
spe_1993_0606_clinton,105.0,1.0,"Bill Clinton"
spe_1999_0324_clinton,326.0,1.0,"Bill Clinton"
spe_1993_0913_clinton,2789.0,1.0,"Male"
spe_1995_0719_clinton,2876.0,1.0,"Bill Clinton"
spe_1998_0323_clinton,205.0,1.0,"Mostly silence"
spe_1999_0119_clinton,377.0,1.0,"Applause"
spe_1993_0430_clinton,854.0,1.0,"Bill Clinton"
spe_1996_0625_clinton,738.0,1.0,"Applause"
spe_1997_0204_clinton,3138.0,1.0,"Bill Clinton"
spe_1993_0430_clinton,395.0,1.0,"Bill Clinton"
spe_1999_0119_clinton,2146.0,1.0,"Applause"
