20050328_fa_02,373.0,1.0,"Music"
20050328_fa_03,197.0,1.0,"Background Speaker"
20100226_fa_01,1310.0,1.0,"Terry Gross"
20130603_fa_01,2209.0,1.0,"Terry Gross"
20050328_fa_03,78.0,1.0,"Background Speaker"
20130603_fa_01,1687.0,1.0,"Background Speaker"
20091102_fa_01,1668.0,1.0,"Background Speaker"
20151212_fa_01,217.0,1.0,"Silence"
19930423_fa_01,199.0,1.0,"Background Speaker"
19940707_fa_01,1261.0,1.0,"Background Speaker"
19940707_fa_01,1046.0,1.0,"Background Speaker"
19990107_fa_01,352.0,1.0,"Silence"
20050328_fa_03,521.0,1.0,"Terry Gross"
19990107_fa_02,850.0,1.0,"Background Speaker"
20091102_fa_01,1307.0,1.0,"Background Speaker"
20100226_fa_02,78.0,1.0,"Terry Gross"
19990107_fa_01,482.0,1.0,"Background Speaker"
20050328_fa_03,321.0,1.0,"Terry Gross"
20030605_fa_02,724.0,1.0,"Background Speaker"
20130606_fa_01,271.0,1.0,"Background Speaker"
20100226_fa_02,270.0,1.0,"Music"
19930423_fa_02,13.0,1.0,"Terry Gross"
20050328_fa_02,463.0,1.0,"Background Speaker"
20130606_fa_01,1596.0,1.0,"Terry Gross"
19930423_fa_02,25.0,1.0,"Terry Gross"
20030605_fa_02,289.0,1.0,"Background Speaker"
20091102_fa_01,666.0,1.0,"Background Speaker"
20030605_fa_02,723.0,1.0,"Background Speaker"
20030605_fa_02,26.0,1.0,"Terry Gross"
20100226_fa_02,305.0,1.0,"Music"
20050328_fa_03,232.0,1.0,"Background Speaker"
19940707_fa_01,121.0,1.0,"Background Speaker"
19990107_fa_01,1262.0,1.0,"Background Speaker"
20131003_fa_01,643.0,1.0,"Terry Gross"
20030605_fa_01,465.0,1.0,"Background Speaker"
20030605_fa_01,1017.0,1.0,"Background Speaker"
20030605_fa_01,1406.0,1.0,"Background Speaker"
20100226_fa_02,195.0,1.0,"Background Speaker"
19990331_fa_01,768.0,1.0,"Terry Gross"
19930423_fa_02,116.0,1.0,"Background Speaker"
20130606_fa_01,1657.0,1.0,"Background Speaker"
20050328_fa_03,459.0,1.0,"Background Speaker"
19990107_fa_01,807.0,1.0,"Background Speaker"
20030605_fa_01,1365.0,1.0,"Background Speaker"
20131003_fa_01,1185.0,1.0,"Terry Gross"
19990107_fa_01,353.0,1.0,"Silence"
20100226_fa_02,113.0,1.0,"Background Speaker"
20131003_fa_01,85.0,1.0,"Terry Gross"
20080909_fa_01,46.0,1.0,"Terry Gross"
20080909_fa_01,1814.0,1.0,"Background Speaker"
19990331_fa_01,2187.0,1.0,"Background Speaker"
19990107_fa_02,998.0,1.0,"Background Speaker"
20131003_fa_01,878.0,1.0,"Background Speaker"
19990107_fa_01,1102.0,1.0,"Background Speaker"
20080909_fa_01,1840.0,1.0,"Background Speaker"
20030605_fa_01,1678.0,1.0,"Background Speaker"
20130603_fa_01,894.0,1.0,"Background Speaker"
20151212_fa_01,2597.0,1.0,"Background Speaker"
19930423_fa_02,649.0,1.0,"Background Speaker"
20030605_fa_01,1339.0,1.0,"Background Speaker"
19940707_fa_02,652.0,1.0,"Silence"
19940707_fa_01,464.0,1.0,"Background Speaker"
20050328_fa_02,222.0,1.0,"Background Speaker"
19930423_fa_01,320.0,1.0,"Background Speaker"
20050328_fa_03,48.0,1.0,"Background Speaker"
19930423_fa_01,582.0,1.0,"Terry Gross"
20130606_fa_01,1418.0,1.0,"Background Speaker"
20131003_fa_01,748.0,1.0,"Background Speaker"
20040519_fa_01,2970.0,1.0,"Music"
20130606_fa_01,2184.0,1.0,"Background Speaker"
19990107_fa_01,958.0,1.0,"Background Speaker"
19940707_fa_02,443.0,1.0,"Background Speaker"
20151212_fa_01,1450.0,1.0,"Background Speaker"
19940707_fa_02,735.0,1.0,"Background Speaker"
20131003_fa_01,179.0,1.0,"Background Speaker"
20030605_fa_02,386.0,1.0,"Background Speaker"
20030605_fa_02,10.0,1.0,"Terry Gross"
20030605_fa_02,25.0,1.0,"Terry Gross"
19930423_fa_01,897.0,1.0,"Background Speaker"
20100226_fa_01,863.0,1.0,"Music"
19990331_fa_01,183.0,1.0,"Background Speaker"
20030605_fa_02,59.0,1.0,"Background Speaker"
20100226_fa_01,500.0,1.0,"Background Speaker"
20100226_fa_02,149.0,1.0,"Terry Gross"
20130603_fa_01,1477.0,1.0,"Background Speaker"
19940707_fa_01,1055.0,1.0,"Terry Gross"
19940707_fa_02,798.0,1.0,"Terry Gross"
20131003_fa_01,2271.0,1.0,"Background Speaker"
20100226_fa_02,332.0,1.0,"Terry Gross"
20040519_fa_01,1332.0,1.0,"Music"
20131003_fa_01,1466.0,1.0,"Background Speaker"
20050328_fa_03,463.0,1.0,"Terry Gross"
20050328_fa_02,496.0,1.0,"Background Speaker"
20050328_fa_02,114.0,1.0,"Background Speaker"
19990107_fa_01,1196.0,1.0,"Not Sure"
20100226_fa_01,832.0,1.0,"Silence"
19940707_fa_01,952.0,1.0,"Background Speaker"
19940707_fa_02,603.0,1.0,"Multiple Speakers"
20151212_fa_01,567.0,1.0,"Not Sure"
20131003_fa_01,2451.0,1.0,"Background Speaker"
20100226_fa_01,822.0,1.0,"Background Speaker"
19940707_fa_01,1045.0,1.0,"Background Speaker"
20050328_fa_02,56.0,1.0,"Multiple Speakers"
19990331_fa_01,2321.0,1.0,"Background Speaker"
20050328_fa_02,38.0,1.0,"Terry Gross"
19930423_fa_01,1005.0,1.0,"Background Speaker"
20091102_fa_01,54.0,1.0,"Terry Gross"
20151212_fa_01,451.0,1.0,"Terry Gross"
19990331_fa_01,1840.0,1.0,"Terry Gross"
20050328_fa_02,192.0,1.0,"Terry Gross"
20040519_fa_01,2742.0,1.0,"Music"
19940707_fa_01,754.0,1.0,"Background Speaker"
20080909_fa_01,793.0,1.0,"Background Speaker"
19930423_fa_01,791.0,1.0,"Terry Gross"
20130606_fa_01,2003.0,1.0,"Background Speaker"
20130603_fa_01,1135.0,1.0,"Background Speaker"
20030605_fa_02,512.0,1.0,"Background Speaker"
19940707_fa_02,649.0,1.0,"Background Speaker"
20050328_fa_03,270.0,1.0,"Background Speaker"
20040519_fa_01,799.0,1.0,"Background Speaker"
20050328_fa_02,279.0,1.0,"Terry Gross"
20130603_fa_01,1231.0,1.0,"Terry Gross"
19930423_fa_01,972.0,1.0,"Background Speaker"
20080909_fa_01,705.0,1.0,"Terry Gross"
19990107_fa_01,983.0,1.0,"Background Speaker"
20030605_fa_01,1258.0,1.0,"Background Speaker"
19990107_fa_01,638.0,1.0,"Background Speaker"
20030605_fa_02,323.0,1.0,"Background Speaker"
20131003_fa_01,744.0,1.0,"Not Sure"
20100226_fa_01,1452.0,1.0,"Background Speaker"
20080909_fa_01,2089.0,1.0,"Background Speaker"
19990107_fa_02,971.0,1.0,"Background Speaker"
20091102_fa_01,17.0,1.0,"Terry Gross"
20080909_fa_01,1082.0,1.0,"Terry Gross"
20131003_fa_01,1906.0,1.0,"Background Speaker"
20030605_fa_02,850.0,1.0,"Background Speaker"
20040519_fa_01,1041.0,1.0,"Music"
20100226_fa_02,780.0,1.0,"Background Speaker"
19990107_fa_01,42.0,1.0,"Background Speaker"
20131003_fa_01,1157.0,1.0,"Terry Gross"
19930423_fa_01,36.0,1.0,"Terry Gross"
19990107_fa_02,326.0,1.0,"Background Speaker"
20131003_fa_01,1499.0,1.0,"Background Speaker"
19940707_fa_01,1030.0,1.0,"Background Speaker"
20091102_fa_01,210.0,1.0,"Background Speaker"
20030605_fa_02,884.0,1.0,"Background Speaker"
19990107_fa_01,1208.0,1.0,"Background Speaker"
20050328_fa_03,170.0,1.0,"Background Speaker"
19930423_fa_01,827.0,1.0,"Background Speaker"
19930423_fa_01,545.0,1.0,"Background Speaker"
19940707_fa_02,477.0,1.0,"Background Speaker"
20040519_fa_01,1024.0,1.0,"Background Speaker"
19930423_fa_01,1151.0,1.0,"Background Speaker"
19940707_fa_01,235.0,1.0,"Background Speaker"
19990107_fa_02,538.0,1.0,"Background Speaker"
20151212_fa_01,420.0,1.0,"Background Speaker"
19990331_fa_01,1238.0,1.0,"Background Speaker"
19930423_fa_01,7.0,1.0,"Terry Gross"
19990331_fa_01,1689.0,1.0,"Background Speaker"
19940707_fa_02,859.0,1.0,"Background Speaker"
20130606_fa_01,256.0,1.0,"Background Speaker"
19940707_fa_01,469.0,1.0,"Background Speaker"
20130606_fa_01,1978.0,1.0,"Terry Gross"
20050328_fa_02,64.0,1.0,"Multiple Speakers"
20050328_fa_03,495.0,1.0,"Background Speaker"
20091102_fa_01,64.0,1.0,"Background Speaker"
19940707_fa_02,887.0,1.0,"Background Speaker"
20131003_fa_01,1106.0,1.0,"Background Speaker"
20040519_fa_01,975.0,1.0,"Background Speaker"
20050328_fa_03,262.0,1.0,"Background Speaker"
20080909_fa_01,1051.0,1.0,"Background Speaker"
20130603_fa_01,1972.0,1.0,"Background Speaker"
20131003_fa_01,1195.0,1.0,"Background Speaker"
20100226_fa_02,423.0,1.0,"Not Sure"
20050328_fa_02,149.0,1.0,"Terry Gross"
19990331_fa_01,124.0,1.0,"Multiple Speakers"
20080909_fa_01,886.0,1.0,"Background Speaker"
19930423_fa_02,422.0,1.0,"Terry Gross"
20131003_fa_01,1326.0,1.0,"Silence"
20091102_fa_01,1104.0,1.0,"Background Speaker"
20040519_fa_01,2486.0,1.0,"Terry Gross"
19990331_fa_01,506.0,1.0,"Background Speaker"
20100226_fa_02,3.0,1.0,"Terry Gross"
20100226_fa_02,213.0,1.0,"Background Speaker"
19990107_fa_01,321.0,1.0,"Background Speaker"
19930423_fa_01,829.0,1.0,"Background Speaker"
20030605_fa_01,1231.0,1.0,"Background Speaker"
20130603_fa_01,2656.0,1.0,"Music"
20130606_fa_01,1810.0,1.0,"Background Speaker"
19990107_fa_01,1081.0,1.0,"Background Speaker"
20050328_fa_03,289.0,1.0,"Terry Gross"
20100226_fa_02,396.0,1.0,"Terry Gross"
19930423_fa_01,155.0,1.0,"Background Speaker"
20080909_fa_01,797.0,1.0,"Background Speaker"
20151212_fa_01,1310.0,1.0,"Multiple Speakers"
20091102_fa_01,224.0,1.0,"Background Speaker"
19990107_fa_02,383.0,1.0,"Background Speaker"
20100226_fa_01,1275.0,1.0,"Music"
19990107_fa_02,656.0,1.0,"Background Speaker"
19990107_fa_02,35.0,1.0,"Music"
19940707_fa_02,467.0,1.0,"Background Speaker"
20080909_fa_01,25.0,1.0,"Terry Gross"
20130603_fa_01,681.0,1.0,"Background Speaker"
20040519_fa_01,855.0,1.0,"Music"
20030605_fa_01,698.0,1.0,"Background Speaker"
20151212_fa_01,1969.0,1.0,"Silence"
20130603_fa_01,1144.0,1.0,"Background Speaker"
20030605_fa_02,459.0,1.0,"Background Speaker"
20050328_fa_02,314.0,1.0,"Background Speaker"
20151212_fa_01,1979.0,1.0,"Background Speaker"
20091102_fa_01,1322.0,1.0,"Background Speaker"
20050328_fa_03,161.0,1.0,"Background Speaker"
20030605_fa_01,992.0,1.0,"Background Speaker"
20130603_fa_01,541.0,1.0,"Background Speaker"
20130603_fa_01,86.0,1.0,"Terry Gross"
20100226_fa_02,755.0,1.0,"Terry Gross"
20130606_fa_01,1976.0,1.0,"Terry Gross"
19990107_fa_01,375.0,1.0,"Background Speaker"
20030605_fa_01,225.0,1.0,"Background Speaker"
20091102_fa_01,1810.0,1.0,"Background Speaker"
19990107_fa_01,610.0,1.0,"Background Speaker"
20030605_fa_01,1607.0,1.0,"Terry Gross"
20030605_fa_01,1733.0,1.0,"Background Speaker"
20030605_fa_02,451.0,1.0,"Background Speaker"
19940707_fa_01,859.0,1.0,"Background Speaker"
20091102_fa_01,1420.0,1.0,"Background Speaker"
20100226_fa_02,305.0,1.0,"Music"
20030605_fa_01,293.0,1.0,"Background Speaker"
19940707_fa_01,998.0,1.0,"Background Speaker"
19990107_fa_01,199.0,1.0,"Background Speaker"
20130606_fa_01,1556.0,1.0,"Background Speaker"
20030605_fa_02,494.0,1.0,"Terry Gross"
20130606_fa_01,2213.0,1.0,"Terry Gross"
19930423_fa_02,538.0,1.0,"Background Speaker"
20030605_fa_01,223.0,1.0,"Background Speaker"
19990331_fa_01,1676.0,1.0,"Background Speaker"
19990107_fa_02,1156.0,1.0,"Not Sure"
19930423_fa_02,768.0,1.0,"Background Speaker"
20040519_fa_01,725.0,1.0,"Music"
19990107_fa_02,469.0,1.0,"Background Speaker"
20131003_fa_01,2386.0,1.0,"Background Speaker"
19990107_fa_02,973.0,1.0,"Background Speaker"
20080909_fa_01,869.0,1.0,"Background Speaker"
20030605_fa_02,602.0,1.0,"Background Speaker"
19990107_fa_01,1115.0,1.0,"Background Speaker"
19930423_fa_01,1138.0,1.0,"Background Speaker"
19940707_fa_01,657.0,1.0,"Background Speaker"
20080909_fa_01,430.0,1.0,"Background Speaker"
20100226_fa_01,791.0,1.0,"Multiple Speakers"
19990107_fa_02,1110.0,1.0,"Background Speaker"
20151212_fa_01,526.0,1.0,"Silence"
20151212_fa_01,1319.0,1.0,"Background Speaker"
19940707_fa_02,392.0,1.0,"Background Speaker"
19990107_fa_02,707.0,1.0,"Background Speaker"
19990331_fa_01,503.0,1.0,"Terry Gross"
20050328_fa_02,340.0,1.0,"Background Speaker"
20131003_fa_01,7.0,1.0,"Background Speaker"
20030605_fa_01,1642.0,1.0,"Background Speaker"
19990107_fa_01,809.0,1.0,"Background Speaker"
20131003_fa_01,39.0,1.0,"Terry Gross"
19930423_fa_02,376.0,1.0,"Background Speaker"
20030605_fa_02,467.0,1.0,"Background Speaker"
20100226_fa_01,417.0,1.0,"Background Speaker"
19940707_fa_01,875.0,1.0,"Background Speaker"
20130603_fa_01,616.0,1.0,"Terry Gross"
19930423_fa_02,754.0,1.0,"Background Speaker"
20100226_fa_02,665.0,1.0,"Terry Gross"
19990107_fa_01,874.0,1.0,"Background Speaker"
20040519_fa_01,464.0,1.0,"Background Speaker"
20130606_fa_01,2.0,1.0,"Terry Gross"
20040519_fa_01,1268.0,1.0,"Terry Gross"
20040519_fa_01,274.0,1.0,"Music"
20130606_fa_01,194.0,1.0,"Background Speaker"
19940707_fa_02,190.0,1.0,"Background Speaker"
20091102_fa_01,659.0,1.0,"Background Speaker"
19930423_fa_01,1224.0,1.0,"Background Speaker"
20100226_fa_01,1218.0,1.0,"Music"
19940707_fa_01,476.0,1.0,"Background Speaker"
19930423_fa_01,684.0,1.0,"Background Speaker"
20030605_fa_01,647.0,1.0,"Background Speaker"
19930423_fa_01,190.0,1.0,"Background Speaker"
19930423_fa_01,272.0,1.0,"Terry Gross"
19990107_fa_02,772.0,1.0,"Background Speaker"
20040519_fa_01,1018.0,1.0,"Background Speaker"
19940707_fa_02,549.0,1.0,"Background Speaker"
20040519_fa_01,2480.0,1.0,"Music"
19940707_fa_01,193.0,1.0,"Background Speaker"
19940707_fa_01,1092.0,1.0,"Terry Gross"
20151212_fa_01,1386.0,1.0,"Background Speaker"
20080909_fa_01,1033.0,1.0,"Background Speaker"
19990331_fa_01,1907.0,1.0,"Background Speaker"
19940707_fa_02,176.0,1.0,"Background Speaker"
19990331_fa_01,1036.0,1.0,"Background Speaker"
20080909_fa_01,-1.0,1.0,"Not Sure"
20080909_fa_01,435.0,1.0,"Background Speaker"
19990107_fa_01,109.0,1.0,"Background Speaker"
20080909_fa_01,195.0,1.0,"Background Speaker"
19930423_fa_02,44.0,1.0,"Background Speaker"
19930423_fa_02,706.0,1.0,"Background Speaker"
20030605_fa_01,1415.0,1.0,"Background Speaker"
20130606_fa_01,1399.0,1.0,"Background Speaker"
20100226_fa_02,618.0,1.0,"Background Speaker"
20100226_fa_01,693.0,1.0,"Multiple Speakers"
19990107_fa_01,990.0,1.0,"Background Speaker"
20130606_fa_01,145.0,1.0,"Background Speaker"
20100226_fa_01,341.0,1.0,"Background Speaker"
19940707_fa_01,778.0,1.0,"Background Speaker"
20030605_fa_01,1487.0,1.0,"Terry Gross"
19930423_fa_02,239.0,1.0,"Background Speaker"
20030605_fa_02,176.0,1.0,"Background Speaker"
19990107_fa_02,957.0,1.0,"Background Speaker"
19930423_fa_02,445.0,1.0,"Background Speaker"
19940707_fa_01,102.0,1.0,"Background Speaker"
20130606_fa_01,477.0,1.0,"Background Speaker"
20080909_fa_01,2082.0,1.0,"Background Speaker"
20030605_fa_02,672.0,1.0,"Background Speaker"
19940707_fa_01,-1.0,1.0,"Not Sure"
20050328_fa_02,488.0,1.0,"Background Speaker"
19930423_fa_02,85.0,1.0,"Terry Gross"
20050328_fa_03,277.0,1.0,"Background Speaker"
20100226_fa_02,-1.0,1.0,"Not Sure"
20030605_fa_01,953.0,1.0,"Background Speaker"
20030605_fa_01,1385.0,1.0,"Background Speaker"
20100226_fa_02,665.0,1.0,"Terry Gross"
20080909_fa_01,1686.0,1.0,"Background Speaker"
20151212_fa_01,1024.0,1.0,"Background Speaker"
19940707_fa_02,269.0,1.0,"Background Speaker"
20151212_fa_01,1743.0,1.0,"Background Speaker"
19990331_fa_01,558.0,1.0,"Background Speaker"
20130603_fa_01,541.0,1.0,"Background Speaker"
20030605_fa_01,1040.0,1.0,"Background Speaker"
20100226_fa_01,615.0,1.0,"Background Speaker"
20050328_fa_02,9.0,1.0,"Terry Gross"
19990331_fa_01,906.0,1.0,"Background Speaker"
19990107_fa_02,908.0,1.0,"Background Speaker"
19940707_fa_02,773.0,1.0,"Terry Gross"
20050328_fa_03,19.0,1.0,"Background Speaker"
20100226_fa_01,478.0,1.0,"Background Speaker"
19940707_fa_01,544.0,1.0,"Background Speaker"
20130603_fa_01,2414.0,1.0,"Background Speaker"
20080909_fa_01,310.0,1.0,"Background Speaker"
19990107_fa_02,927.0,1.0,"Background Speaker"
20030605_fa_02,277.0,1.0,"Background Speaker"
19930423_fa_01,134.0,1.0,"Background Speaker"
20080909_fa_01,1450.0,1.0,"Background Speaker"
20040519_fa_01,2490.0,1.0,"Terry Gross"
20040519_fa_01,378.0,1.0,"Background Speaker"
19930423_fa_01,70.0,1.0,"Background Speaker"
19940707_fa_02,79.0,1.0,"Background Speaker"
20130606_fa_01,84.0,1.0,"Background Speaker"
20050328_fa_02,19.0,1.0,"Terry Gross"
20050328_fa_02,92.0,1.0,"Background Speaker"
20050328_fa_03,198.0,1.0,"Background Speaker"
20091102_fa_01,806.0,1.0,"Background Speaker"
20130606_fa_01,978.0,1.0,"Background Speaker"
20050328_fa_03,93.0,1.0,"Background Speaker"
19990107_fa_02,39.0,1.0,"Music"
19990107_fa_02,307.0,1.0,"Background Speaker"
19940707_fa_01,839.0,1.0,"Multiple Speakers"
20080909_fa_01,1837.0,1.0,"Background Speaker"
19930423_fa_02,533.0,1.0,"Background Speaker"
20131003_fa_01,2589.0,1.0,"Background Speaker"
19930423_fa_02,568.0,1.0,"Background Speaker"
19940707_fa_01,445.0,1.0,"Background Speaker"
19990331_fa_01,1342.0,1.0,"Background Speaker"
20080909_fa_01,894.0,1.0,"Background Speaker"
19930423_fa_01,384.0,1.0,"Background Speaker"
20050328_fa_03,338.0,1.0,"Background Speaker"
19990107_fa_02,600.0,1.0,"Background Speaker"
20091102_fa_01,979.0,1.0,"Background Speaker"
19930423_fa_01,1159.0,1.0,"Terry Gross"
20130606_fa_01,534.0,1.0,"Background Speaker"
20091102_fa_01,62.0,1.0,"Background Speaker"
20100226_fa_01,1133.0,1.0,"Background Speaker"
19990331_fa_01,1288.0,1.0,"Background Speaker"
20040519_fa_01,1854.0,1.0,"Not Sure"
20091102_fa_01,1558.0,1.0,"Background Speaker"
20131003_fa_01,2414.0,1.0,"Background Speaker"
20130603_fa_01,2038.0,1.0,"Background Speaker"
20091102_fa_01,12.0,1.0,"Terry Gross"
20130606_fa_01,1890.0,1.0,"Background Speaker"
20130603_fa_01,1920.0,1.0,"Background Speaker"
19990107_fa_01,378.0,1.0,"Background Speaker"
20030605_fa_01,1593.0,1.0,"Background Speaker"
19990331_fa_01,1283.0,1.0,"Background Speaker"
20130603_fa_01,875.0,1.0,"Background Speaker"
20151212_fa_01,834.0,1.0,"Terry Gross"
20040519_fa_01,390.0,1.0,"Background Speaker"
20100226_fa_01,1398.0,1.0,"Background Speaker"
19940707_fa_01,836.0,1.0,"Terry Gross"
20130603_fa_01,859.0,1.0,"Background Speaker"
20030605_fa_02,98.0,1.0,"Background Speaker"
19930423_fa_02,7.0,1.0,"Terry Gross"
20130606_fa_01,1918.0,1.0,"Background Speaker"
19940707_fa_01,985.0,1.0,"Terry Gross"
20100226_fa_02,569.0,1.0,"Background Speaker"
20130603_fa_01,2563.0,1.0,"Background Speaker"
19930423_fa_02,436.0,1.0,"Background Speaker"
19930423_fa_02,589.0,1.0,"Background Speaker"
20050328_fa_03,296.0,1.0,"Terry Gross"
20091102_fa_01,1779.0,1.0,"Background Speaker"
19990107_fa_01,1247.0,1.0,"Background Speaker"
20131003_fa_01,2626.0,1.0,"Terry Gross"
20130606_fa_01,2078.0,1.0,"Background Speaker"
19990107_fa_02,912.0,1.0,"Background Speaker"
20030605_fa_01,1709.0,1.0,"Background Speaker"
19930423_fa_01,502.0,1.0,"Background Speaker"
19940707_fa_01,757.0,1.0,"Background Speaker"
20080909_fa_01,2220.0,1.0,"Background Speaker"
20130606_fa_01,870.0,1.0,"Background Speaker"
20080909_fa_01,606.0,1.0,"Background Speaker"
19990331_fa_01,2166.0,1.0,"Background Speaker"
20030605_fa_02,872.0,1.0,"Background Speaker"
20080909_fa_01,394.0,1.0,"Terry Gross"
20130603_fa_01,510.0,1.0,"Terry Gross"
20040519_fa_01,213.0,1.0,"Music"
20040519_fa_01,2523.0,1.0,"Background Speaker"
20030605_fa_01,588.0,1.0,"Background Speaker"
20100226_fa_01,486.0,1.0,"Background Speaker"
20040519_fa_01,125.0,1.0,"Terry Gross"
20030605_fa_02,836.0,1.0,"Terry Gross"
20151212_fa_01,1743.0,1.0,"Background Speaker"
20100226_fa_02,369.0,1.0,"Terry Gross"
20130606_fa_01,1125.0,1.0,"Background Speaker"
20100226_fa_02,827.0,1.0,"Music"
19940707_fa_01,1266.0,1.0,"Background Speaker"
19940707_fa_01,718.0,1.0,"Background Speaker"
20091102_fa_01,1269.0,1.0,"Background Speaker"
19930423_fa_02,689.0,1.0,"Background Speaker"
20030605_fa_01,30.0,1.0,"Terry Gross"
19990331_fa_01,2118.0,1.0,"Background Speaker"
20100226_fa_01,1025.0,1.0,"Background Speaker"
19930423_fa_02,747.0,1.0,"Background Speaker"
20130606_fa_01,1183.0,1.0,"Background Speaker"
20050328_fa_03,343.0,1.0,"Background Speaker"
20100226_fa_01,626.0,1.0,"Background Speaker"
19990107_fa_01,917.0,1.0,"Background Speaker"
20100226_fa_01,158.0,1.0,"Terry Gross"
20030605_fa_01,925.0,1.0,"Background Speaker"
20131003_fa_01,1712.0,1.0,"Background Speaker"
20151212_fa_01,2578.0,1.0,"Background Speaker"
19990107_fa_02,243.0,1.0,"Background Speaker"
20030605_fa_02,846.0,1.0,"Background Speaker"
19990331_fa_01,1929.0,1.0,"Terry Gross"
20091102_fa_01,1614.0,1.0,"Terry Gross"
20030605_fa_02,684.0,1.0,"Background Speaker"
20050328_fa_03,140.0,1.0,"Background Speaker"
20030605_fa_01,1051.0,1.0,"Terry Gross"
20030605_fa_01,524.0,1.0,"Background Speaker"
20100226_fa_02,139.0,1.0,"Background Speaker"
20091102_fa_01,1001.0,1.0,"Background Speaker"
20130606_fa_01,1626.0,1.0,"Background Speaker"
20131003_fa_01,631.0,1.0,"Background Speaker"
19990107_fa_01,713.0,1.0,"Background Speaker"
19990331_fa_01,1468.0,1.0,"Background Speaker"
19990107_fa_01,750.0,1.0,"Background Speaker"
19940707_fa_02,703.0,1.0,"Not Sure"
20091102_fa_01,1141.0,1.0,"Background Speaker"
20040519_fa_01,1188.0,1.0,"Music"
19930423_fa_01,1313.0,1.0,"Background Speaker"
19990107_fa_02,976.0,1.0,"Background Speaker"
19940707_fa_02,86.0,1.0,"Terry Gross"
19940707_fa_02,680.0,1.0,"Background Speaker"
19930423_fa_01,1022.0,1.0,"Terry Gross"
20130606_fa_01,884.0,1.0,"Background Speaker"
20050328_fa_02,37.0,1.0,"Terry Gross"
20131003_fa_01,2657.0,1.0,"Terry Gross"
20130606_fa_01,576.0,1.0,"Terry Gross"
20130606_fa_01,778.0,1.0,"Music"
20130603_fa_01,1976.0,1.0,"Background Speaker"
20030605_fa_01,1366.0,1.0,"Background Speaker"
20130603_fa_01,199.0,1.0,"Background Speaker"
20151212_fa_01,1145.0,1.0,"Background Speaker"
20130603_fa_01,2116.0,1.0,"Background Speaker"
20050328_fa_03,129.0,1.0,"Background Speaker"
20130606_fa_01,567.0,1.0,"Background Speaker"
20130603_fa_01,913.0,1.0,"Background Speaker"
20050328_fa_02,218.0,1.0,"Background Speaker"
20030605_fa_02,226.0,1.0,"Background Speaker"
20100226_fa_01,1372.0,1.0,"Background Speaker"
19940707_fa_02,251.0,1.0,"Background Speaker"
20080909_fa_01,1664.0,1.0,"Background Speaker"
19990331_fa_01,1887.0,1.0,"Background Speaker"
19940707_fa_01,235.0,1.0,"Background Speaker"
19990107_fa_01,241.0,1.0,"Background Speaker"
20131003_fa_01,813.0,1.0,"Terry Gross"
19940707_fa_02,453.0,1.0,"Background Speaker"
20100226_fa_01,653.0,1.0,"Background Speaker"
19930423_fa_02,623.0,1.0,"Terry Gross"
19930423_fa_01,78.0,1.0,"Background Speaker"
20030605_fa_02,363.0,1.0,"Background Speaker"
20050328_fa_03,298.0,1.0,"Multiple Speakers"
20050328_fa_02,70.0,1.0,"Background Speaker"
20050328_fa_03,77.0,1.0,"Not Sure"
20130603_fa_01,2393.0,1.0,"Terry Gross"
20050328_fa_02,201.0,1.0,"Background Speaker"
20030605_fa_02,744.0,1.0,"Background Speaker"
19990107_fa_01,1071.0,1.0,"Background Speaker"
19990331_fa_01,1146.0,1.0,"Background Speaker"
20130606_fa_01,1300.0,1.0,"Background Speaker"
20130606_fa_01,1981.0,1.0,"Terry Gross"
20131003_fa_01,790.0,1.0,"Background Speaker"
20080909_fa_01,1112.0,1.0,"Background Speaker"
20151212_fa_01,2066.0,1.0,"Background Speaker"
20130606_fa_01,683.0,1.0,"Terry Gross"
20050328_fa_02,471.0,1.0,"Multiple Speakers"
20040519_fa_01,479.0,1.0,"Background Speaker"
20151212_fa_01,2623.0,1.0,"Terry Gross"
20100226_fa_02,376.0,1.0,"Background Speaker"
20050328_fa_03,410.0,1.0,"Background Speaker"
19990107_fa_02,553.0,1.0,"Background Speaker"
20151212_fa_01,2650.0,1.0,"Terry Gross"
20131003_fa_01,1252.0,1.0,"Terry Gross"
20130606_fa_01,747.0,1.0,"Background Speaker"
20151212_fa_01,939.0,1.0,"Background Speaker"
20030605_fa_01,721.0,1.0,"Background Speaker"
19940707_fa_02,765.0,1.0,"Terry Gross"
20100226_fa_02,645.0,1.0,"Terry Gross"
20100226_fa_01,1278.0,1.0,"Music"
20131003_fa_01,695.0,1.0,"Terry Gross"
19940707_fa_01,754.0,1.0,"Background Speaker"
20030605_fa_01,760.0,1.0,"Background Speaker"
19940707_fa_02,19.0,1.0,"Terry Gross"
20050328_fa_02,225.0,1.0,"Background Speaker"
20151212_fa_01,156.0,1.0,"Background Speaker"
20030605_fa_01,1587.0,1.0,"Background Speaker"
19940707_fa_01,1195.0,1.0,"Background Speaker"
20050328_fa_02,362.0,1.0,"Music"
20131003_fa_01,196.0,1.0,"Terry Gross"
20050328_fa_03,464.0,1.0,"Terry Gross"
19990107_fa_01,512.0,1.0,"Background Speaker"
19990107_fa_01,638.0,1.0,"Background Speaker"
20040519_fa_01,2663.0,1.0,"Music"
20080909_fa_01,2021.0,1.0,"Background Speaker"
20030605_fa_02,550.0,1.0,"Background Speaker"
19930423_fa_02,469.0,1.0,"Background Speaker"
20091102_fa_01,331.0,1.0,"Background Speaker"
19940707_fa_01,81.0,1.0,"Background Speaker"
20130603_fa_01,2220.0,1.0,"Terry Gross"
19940707_fa_02,502.0,1.0,"Multiple Speakers"
20130603_fa_01,272.0,1.0,"Background Speaker"
20130606_fa_01,828.0,1.0,"Terry Gross"
19930423_fa_02,312.0,1.0,"Background Speaker"
19990331_fa_01,2179.0,1.0,"Background Speaker"
20131003_fa_01,2180.0,1.0,"Background Speaker"
20151212_fa_01,1606.0,1.0,"Background Speaker"
19990107_fa_01,1268.0,1.0,"Background Speaker"
20131003_fa_01,451.0,1.0,"Background Speaker"
20080909_fa_01,447.0,1.0,"Terry Gross"
19940707_fa_02,898.0,1.0,"Background Speaker"
19930423_fa_02,422.0,1.0,"Terry Gross"
19990107_fa_02,310.0,1.0,"Terry Gross"
19990331_fa_01,1287.0,1.0,"Background Speaker"
19990107_fa_01,131.0,1.0,"Background Speaker"
19930423_fa_01,1211.0,1.0,"Background Speaker"
20091102_fa_01,227.0,1.0,"Background Speaker"
20050328_fa_02,50.0,1.0,"Background Speaker"
19930423_fa_02,558.0,1.0,"Background Speaker"
20040519_fa_01,1670.0,1.0,"Background Speaker"
19940707_fa_01,1089.0,1.0,"Background Speaker"
19930423_fa_02,430.0,1.0,"Terry Gross"
19930423_fa_01,370.0,1.0,"Background Speaker"
20040519_fa_01,2133.0,1.0,"Music"
20040519_fa_01,959.0,1.0,"Background Speaker"
19990107_fa_02,460.0,1.0,"Background Speaker"
20151212_fa_01,2153.0,1.0,"Background Speaker"
19990331_fa_01,2338.0,1.0,"Background Speaker"
20050328_fa_02,211.0,1.0,"Background Speaker"
19990331_fa_01,1159.0,1.0,"Terry Gross"
19940707_fa_02,831.0,1.0,"Background Speaker"
20050328_fa_02,276.0,1.0,"Background Speaker"
19940707_fa_01,336.0,1.0,"Background Speaker"
20131003_fa_01,2375.0,1.0,"Background Speaker"
20030605_fa_01,935.0,1.0,"Background Speaker"
20151212_fa_01,1451.0,1.0,"Background Speaker"
20130606_fa_01,374.0,1.0,"Background Speaker"
20050328_fa_02,18.0,1.0,"Terry Gross"
20091102_fa_01,1614.0,1.0,"Terry Gross"
19990107_fa_01,89.0,1.0,"Background Speaker"
20151212_fa_01,1193.0,1.0,"Terry Gross"
20130603_fa_01,716.0,1.0,"Terry Gross"
20050328_fa_02,42.0,1.0,"Terry Gross"
20131003_fa_01,873.0,1.0,"Background Speaker"
19930423_fa_01,404.0,1.0,"Terry Gross"
19990331_fa_01,2061.0,1.0,"Background Speaker"
20040519_fa_01,1420.0,1.0,"Background Speaker"
20050328_fa_02,261.0,1.0,"Background Speaker"
20080909_fa_01,1730.0,1.0,"Terry Gross"
20100226_fa_02,431.0,1.0,"Background Speaker"
20050328_fa_03,220.0,1.0,"Background Speaker"
19930423_fa_02,591.0,1.0,"Background Speaker"
20130603_fa_01,2306.0,1.0,"Not Sure"
20050328_fa_02,508.0,1.0,"Background Speaker"
19940707_fa_02,317.0,1.0,"Background Speaker"
19990107_fa_01,895.0,1.0,"Background Speaker"
20131003_fa_01,1044.0,1.0,"Background Speaker"
20151212_fa_01,2275.0,1.0,"Background Speaker"
19930423_fa_01,259.0,1.0,"Background Speaker"
20130606_fa_01,690.0,1.0,"Multiple Speakers"
20131003_fa_01,512.0,1.0,"Background Speaker"
20030605_fa_01,618.0,1.0,"Background Speaker"
19940707_fa_02,147.0,1.0,"Not Sure"
20131003_fa_01,2070.0,1.0,"Background Speaker"
19930423_fa_01,577.0,1.0,"Terry Gross"
20091102_fa_01,605.0,1.0,"Background Speaker"
20040519_fa_01,1281.0,1.0,"Background Speaker"
20130603_fa_01,1612.0,1.0,"Terry Gross"
20100226_fa_02,216.0,1.0,"Terry Gross"
19930423_fa_02,36.0,1.0,"Terry Gross"
20091102_fa_01,221.0,1.0,"Background Speaker"
19930423_fa_02,339.0,1.0,"Background Speaker"
20030605_fa_02,699.0,1.0,"Terry Gross"
20050328_fa_02,461.0,1.0,"Background Speaker"
20050328_fa_02,176.0,1.0,"Multiple Speakers"
20130606_fa_01,639.0,1.0,"Background Speaker"
20050328_fa_02,442.0,1.0,"Background Speaker"
19940707_fa_02,39.0,1.0,"Terry Gross"
19930423_fa_02,590.0,1.0,"Background Speaker"
19930423_fa_02,791.0,1.0,"Multiple Speakers"
19990331_fa_01,667.0,1.0,"Background Speaker"
20130603_fa_01,2523.0,1.0,"Terry Gross"
20100226_fa_01,1313.0,1.0,"Terry Gross"
19930423_fa_02,524.0,1.0,"Background Speaker"
19930423_fa_01,706.0,1.0,"Background Speaker"
19990107_fa_02,1142.0,1.0,"Background Speaker"
20030605_fa_01,1401.0,1.0,"Background Speaker"
20151212_fa_01,154.0,1.0,"Not Sure"
19940707_fa_02,450.0,1.0,"Background Speaker"
20091102_fa_01,1391.0,1.0,"Terry Gross"
20131003_fa_01,412.0,1.0,"Background Speaker"
19990107_fa_02,490.0,1.0,"Not Sure"
20100226_fa_01,1257.0,1.0,"Music"
20050328_fa_02,228.0,1.0,"Background Speaker"
19930423_fa_02,93.0,1.0,"Terry Gross"
19940707_fa_01,1279.0,1.0,"Background Speaker"
20151212_fa_01,2043.0,1.0,"Background Speaker"
19940707_fa_02,106.0,1.0,"Background Speaker"
20040519_fa_01,2250.0,1.0,"Terry Gross"
20130606_fa_01,1439.0,1.0,"Background Speaker"
19940707_fa_01,728.0,1.0,"Background Speaker"
19940707_fa_01,335.0,1.0,"Background Speaker"
20040519_fa_01,720.0,1.0,"Music"
20151212_fa_01,1786.0,1.0,"Background Speaker"
19990107_fa_01,1026.0,1.0,"Background Speaker"
19990107_fa_02,525.0,1.0,"Background Speaker"
20050328_fa_03,446.0,1.0,"Background Speaker"
20030605_fa_01,898.0,1.0,"Background Speaker"
19930423_fa_01,1106.0,1.0,"Background Speaker"
19940707_fa_01,327.0,1.0,"Background Speaker"
19990331_fa_01,2063.0,1.0,"Background Speaker"
20100226_fa_02,471.0,1.0,"Terry Gross"
20130603_fa_01,1361.0,1.0,"Background Speaker"
20080909_fa_01,1674.0,1.0,"Background Speaker"
20100226_fa_01,765.0,1.0,"Background Speaker"
20091102_fa_01,1723.0,1.0,"Background Speaker"
19940707_fa_02,389.0,1.0,"Terry Gross"
20050328_fa_03,110.0,1.0,"Background Speaker"
19990107_fa_01,185.0,1.0,"Background Speaker"
20050328_fa_02,407.0,1.0,"Music"
20091102_fa_01,146.0,1.0,"Background Speaker"
19990107_fa_02,854.0,1.0,"Background Speaker"
20030605_fa_02,262.0,1.0,"Background Speaker"
20130603_fa_01,1300.0,1.0,"Background Speaker"
20131003_fa_01,1016.0,1.0,"Background Speaker"
19940707_fa_02,719.0,1.0,"Background Speaker"
19930423_fa_01,430.0,1.0,"Background Speaker"
19930423_fa_01,333.0,1.0,"Background Speaker"
19940707_fa_01,114.0,1.0,"Background Speaker"
19990331_fa_01,1541.0,1.0,"Background Speaker"
20080909_fa_01,1426.0,1.0,"Background Speaker"
19930423_fa_02,574.0,1.0,"Background Speaker"
20030605_fa_01,1523.0,1.0,"Background Speaker"
19930423_fa_02,524.0,1.0,"Background Speaker"
19990107_fa_02,737.0,1.0,"Background Speaker"
19990331_fa_01,366.0,1.0,"Background Speaker"
20100226_fa_02,178.0,1.0,"Background Speaker"
19990107_fa_02,693.0,1.0,"Background Speaker"
20040519_fa_01,2877.0,1.0,"Silence"
19940707_fa_01,223.0,1.0,"Background Speaker"
19990107_fa_02,634.0,1.0,"Background Speaker"
19940707_fa_01,428.0,1.0,"Background Speaker"
20130603_fa_01,2370.0,1.0,"Background Speaker"
20050328_fa_02,505.0,1.0,"Background Speaker"
20030605_fa_02,140.0,1.0,"Background Speaker"
19930423_fa_01,591.0,1.0,"Terry Gross"
20040519_fa_01,177.0,1.0,"Music"
20131003_fa_01,2592.0,1.0,"Background Speaker"
20040519_fa_01,1840.0,1.0,"Background Speaker"
19940707_fa_01,524.0,1.0,"Background Speaker"
20050328_fa_02,200.0,1.0,"Background Speaker"
20091102_fa_01,1132.0,1.0,"Background Speaker"
20030605_fa_01,536.0,1.0,"Background Speaker"
19930423_fa_02,137.0,1.0,"Background Speaker"
19940707_fa_02,443.0,1.0,"Background Speaker"
20030605_fa_01,678.0,1.0,"Background Speaker"
19930423_fa_02,44.0,1.0,"Background Speaker"
20030605_fa_02,713.0,1.0,"Background Speaker"
20130603_fa_01,2387.0,1.0,"Terry Gross"
19930423_fa_02,786.0,1.0,"Background Speaker"
19930423_fa_01,1238.0,1.0,"Background Speaker"
19940707_fa_01,1274.0,1.0,"Background Speaker"
19990331_fa_01,1930.0,1.0,"Terry Gross"
19990107_fa_02,463.0,1.0,"Background Speaker"
20100226_fa_02,535.0,1.0,"Silence"
19990107_fa_02,583.0,1.0,"Background Speaker"
20130606_fa_01,903.0,1.0,"Background Speaker"
20040519_fa_01,560.0,1.0,"Background Speaker"
20131003_fa_01,124.0,1.0,"Not Sure"
19930423_fa_01,365.0,1.0,"Background Speaker"
19940707_fa_02,51.0,1.0,"Background Speaker"
19940707_fa_02,349.0,1.0,"Not Sure"
20030605_fa_01,829.0,1.0,"Background Speaker"
19940707_fa_01,31.0,1.0,"Terry Gross"
19990107_fa_01,824.0,1.0,"Background Speaker"
20080909_fa_01,632.0,1.0,"Background Speaker"
19940707_fa_02,40.0,1.0,"Terry Gross"
20130606_fa_01,719.0,1.0,"Background Speaker"
20080909_fa_01,1760.0,1.0,"Background Speaker"
20080909_fa_01,984.0,1.0,"Background Speaker"
19990107_fa_01,451.0,1.0,"Background Speaker"
20100226_fa_02,205.0,1.0,"Background Speaker"
20050328_fa_02,507.0,1.0,"Background Speaker"
20030605_fa_01,1388.0,1.0,"Terry Gross"
20100226_fa_01,1544.0,1.0,"Terry Gross"
20100226_fa_02,273.0,1.0,"Music"
20100226_fa_02,743.0,1.0,"Multiple Speakers"
20151212_fa_01,2283.0,1.0,"Silence"
20030605_fa_02,527.0,1.0,"Background Speaker"
20130603_fa_01,606.0,1.0,"Terry Gross"
20100226_fa_01,247.0,1.0,"Terry Gross"
20130603_fa_01,1472.0,1.0,"Background Speaker"
20100226_fa_01,22.0,1.0,"Terry Gross"
19990331_fa_01,2229.0,1.0,"Background Speaker"
20030605_fa_02,541.0,1.0,"Background Speaker"
20130606_fa_01,53.0,1.0,"Terry Gross"
20100226_fa_01,705.0,1.0,"Terry Gross"
19990107_fa_01,1254.0,1.0,"Background Speaker"
19930423_fa_01,595.0,1.0,"Background Speaker"
20130606_fa_01,2131.0,1.0,"Background Speaker"
20130603_fa_01,2119.0,1.0,"Background Speaker"
20050328_fa_02,240.0,1.0,"Terry Gross"
19990107_fa_02,33.0,1.0,"Background Speaker"
19940707_fa_02,205.0,1.0,"Terry Gross"
20030605_fa_01,510.0,1.0,"Terry Gross"
19940707_fa_01,24.0,1.0,"Terry Gross"
20091102_fa_01,311.0,1.0,"Background Speaker"
19990107_fa_02,186.0,1.0,"Background Speaker"
20131003_fa_01,1004.0,1.0,"Background Speaker"
20080909_fa_01,2121.0,1.0,"Background Speaker"
20091102_fa_01,1201.0,1.0,"Background Speaker"
20030605_fa_01,38.0,1.0,"Terry Gross"
20050328_fa_03,141.0,1.0,"Background Speaker"
20091102_fa_01,1586.0,1.0,"Terry Gross"
20151212_fa_01,1502.0,1.0,"Background Speaker"
20100226_fa_01,678.0,1.0,"Background Speaker"
20040519_fa_01,695.0,1.0,"Music"
20030605_fa_01,1312.0,1.0,"Background Speaker"
20080909_fa_01,702.0,1.0,"Terry Gross"
19940707_fa_01,715.0,1.0,"Background Speaker"
20080909_fa_01,397.0,1.0,"Terry Gross"
20131003_fa_01,809.0,1.0,"Terry Gross"
20050328_fa_02,228.0,1.0,"Background Speaker"
20030605_fa_02,464.0,1.0,"Background Speaker"
20130603_fa_01,1056.0,1.0,"Terry Gross"
20100226_fa_01,1099.0,1.0,"Background Speaker"
20131003_fa_01,2757.0,1.0,"Music"
19940707_fa_02,85.0,1.0,"Not Sure"
20131003_fa_01,1395.0,1.0,"Background Speaker"
20030605_fa_02,74.0,1.0,"Background Speaker"
20130606_fa_01,1443.0,1.0,"Background Speaker"
19990107_fa_02,654.0,1.0,"Background Speaker"
20151212_fa_01,1335.0,1.0,"Music"
20100226_fa_02,713.0,1.0,"Silence"
20091102_fa_01,1634.0,1.0,"Terry Gross"
19990107_fa_02,599.0,1.0,"Background Speaker"
20030605_fa_01,9.0,1.0,"Terry Gross"
19990331_fa_01,1012.0,1.0,"Not Sure"
20030605_fa_02,329.0,1.0,"Background Speaker"
20130606_fa_01,147.0,1.0,"Background Speaker"
19930423_fa_02,534.0,1.0,"Background Speaker"
20050328_fa_03,26.0,1.0,"Terry Gross"
20100226_fa_02,261.0,1.0,"Terry Gross"
19990107_fa_02,511.0,1.0,"Background Speaker"
20131003_fa_01,2001.0,1.0,"Not Sure"
20050328_fa_02,150.0,1.0,"Terry Gross"
20030605_fa_02,305.0,1.0,"Background Speaker"
20130603_fa_01,24.0,1.0,"Terry Gross"
19990107_fa_02,804.0,1.0,"Background Speaker"
20130606_fa_01,1197.0,1.0,"Background Speaker"
20151212_fa_01,1307.0,1.0,"Background Speaker"
20100226_fa_02,394.0,1.0,"Terry Gross"
20131003_fa_01,1076.0,1.0,"Background Speaker"
20050328_fa_02,456.0,1.0,"Background Speaker"
19990107_fa_01,832.0,1.0,"Background Speaker"
19940707_fa_02,366.0,1.0,"Silence"
20050328_fa_03,176.0,1.0,"Terry Gross"
20130603_fa_01,1994.0,1.0,"Background Speaker"
20050328_fa_03,271.0,1.0,"Background Speaker"
20050328_fa_02,168.0,1.0,"Terry Gross"
20040519_fa_01,449.0,1.0,"Background Speaker"
20040519_fa_01,698.0,1.0,"Music"
20130606_fa_01,239.0,1.0,"Background Speaker"
20131003_fa_01,1051.0,1.0,"Background Speaker"
20100226_fa_01,1142.0,1.0,"Background Speaker"
20050328_fa_03,111.0,1.0,"Background Speaker"
20100226_fa_01,1282.0,1.0,"Terry Gross"
20030605_fa_01,521.0,1.0,"Background Speaker"
20151212_fa_01,2066.0,1.0,"Background Speaker"
19940707_fa_02,495.0,1.0,"Background Speaker"
20151212_fa_01,2811.0,1.0,"Background Speaker"
20030605_fa_02,891.0,1.0,"Background Speaker"
19930423_fa_02,716.0,1.0,"Background Speaker"
20151212_fa_01,1613.0,1.0,"Background Speaker"
20050328_fa_03,176.0,1.0,"Terry Gross"
20030605_fa_01,988.0,1.0,"Background Speaker"
20100226_fa_02,378.0,1.0,"Background Speaker"
20030605_fa_02,338.0,1.0,"Background Speaker"
20100226_fa_01,906.0,1.0,"Terry Gross"
20131003_fa_01,1540.0,1.0,"Background Speaker"
20030605_fa_01,634.0,1.0,"Terry Gross"
20131003_fa_01,1701.0,1.0,"Background Speaker"
20030605_fa_02,512.0,1.0,"Background Speaker"
19940707_fa_01,186.0,1.0,"Background Speaker"
20050328_fa_02,396.0,1.0,"Music"
20130606_fa_01,382.0,1.0,"Background Speaker"
19990107_fa_02,36.0,1.0,"Background Speaker"
20040519_fa_01,1605.0,1.0,"Music"
20030605_fa_02,38.0,1.0,"Terry Gross"
19940707_fa_01,56.0,1.0,"Background Speaker"
20030605_fa_02,315.0,1.0,"Background Speaker"
19990331_fa_01,2106.0,1.0,"Background Speaker"
20050328_fa_03,120.0,1.0,"Background Speaker"
19990107_fa_01,508.0,1.0,"Background Speaker"
20080909_fa_01,497.0,1.0,"Background Speaker"
19990107_fa_02,463.0,1.0,"Background Speaker"
19930423_fa_02,742.0,1.0,"Background Speaker"
19990107_fa_02,105.0,1.0,"Background Speaker"
19990107_fa_02,539.0,1.0,"Background Speaker"
19990107_fa_01,663.0,1.0,"Background Speaker"
19990107_fa_01,305.0,1.0,"Background Speaker"
20130603_fa_01,922.0,1.0,"Background Speaker"
20040519_fa_01,1879.0,1.0,"Background Speaker"
20130606_fa_01,2178.0,1.0,"Background Speaker"
20080909_fa_01,1687.0,1.0,"Background Speaker"
19990107_fa_01,683.0,1.0,"Background Speaker"
20040519_fa_01,274.0,1.0,"Music"
19990107_fa_02,1060.0,1.0,"Background Speaker"
19940707_fa_02,103.0,1.0,"Background Speaker"
19940707_fa_02,691.0,1.0,"Multiple Speakers"
19930423_fa_01,1240.0,1.0,"Background Speaker"
20050328_fa_03,438.0,1.0,"Background Speaker"
19990107_fa_01,831.0,1.0,"Background Speaker"
19990331_fa_01,1896.0,1.0,"Background Speaker"
20130603_fa_01,1399.0,1.0,"Terry Gross"
20151212_fa_01,2307.0,1.0,"Background Speaker"
20050328_fa_03,399.0,1.0,"Background Speaker"
20130606_fa_01,1622.0,1.0,"Background Speaker"
20130606_fa_01,1293.0,1.0,"Background Speaker"
19990331_fa_01,297.0,1.0,"Background Speaker"
20100226_fa_01,706.0,1.0,"Silence"
20130606_fa_01,1277.0,1.0,"Background Speaker"
19940707_fa_01,882.0,1.0,"Background Speaker"
20050328_fa_02,352.0,1.0,"Music"
20100226_fa_02,383.0,1.0,"Background Speaker"
19990107_fa_02,611.0,1.0,"Background Speaker"
20050328_fa_03,254.0,1.0,"Background Speaker"
19990331_fa_01,1671.0,1.0,"Background Speaker"
19990107_fa_02,1055.0,1.0,"Background Speaker"
20130606_fa_01,2204.0,1.0,"Terry Gross"
20100226_fa_02,705.0,1.0,"Background Speaker"
20131003_fa_01,901.0,1.0,"Background Speaker"
20080909_fa_01,718.0,1.0,"Terry Gross"
20130603_fa_01,509.0,1.0,"Terry Gross"
19940707_fa_02,150.0,1.0,"Background Speaker"
20100226_fa_01,551.0,1.0,"Music"
20100226_fa_01,1487.0,1.0,"Background Speaker"
20030605_fa_01,281.0,1.0,"Background Speaker"
20050328_fa_03,7.0,1.0,"Multiple Speakers"
19990107_fa_01,612.0,1.0,"Background Speaker"
19990107_fa_01,253.0,1.0,"Background Speaker"
20080909_fa_01,770.0,1.0,"Background Speaker"
20130606_fa_01,816.0,1.0,"Terry Gross"
19930423_fa_02,105.0,1.0,"Background Speaker"
20050328_fa_02,493.0,1.0,"Background Speaker"
19930423_fa_01,151.0,1.0,"Background Speaker"
19990107_fa_02,915.0,1.0,"Background Speaker"
20040519_fa_01,2718.0,1.0,"Music"
20131003_fa_01,629.0,1.0,"Background Speaker"
20091102_fa_01,569.0,1.0,"Background Speaker"
19940707_fa_01,921.0,1.0,"Background Speaker"
20080909_fa_01,641.0,1.0,"Background Speaker"
20130606_fa_01,1504.0,1.0,"Background Speaker"
20100226_fa_02,579.0,1.0,"Background Speaker"
20100226_fa_02,187.0,1.0,"Background Speaker"
20030605_fa_02,713.0,1.0,"Background Speaker"
19990107_fa_01,970.0,1.0,"Background Speaker"
20030605_fa_01,225.0,1.0,"Background Speaker"
20050328_fa_03,517.0,1.0,"Terry Gross"
20130603_fa_01,1257.0,1.0,"Background Speaker"
20050328_fa_03,371.0,1.0,"Background Speaker"
19940707_fa_01,365.0,1.0,"Background Speaker"
20050328_fa_03,276.0,1.0,"Background Speaker"
20131003_fa_01,2262.0,1.0,"Background Speaker"
20100226_fa_01,1117.0,1.0,"Background Speaker"
20050328_fa_02,266.0,1.0,"Terry Gross"
20050328_fa_02,105.0,1.0,"Background Speaker"
19990331_fa_01,1475.0,1.0,"Background Speaker"
20151212_fa_01,1714.0,1.0,"Background Speaker"
20080909_fa_01,1152.0,1.0,"Background Speaker"
20050328_fa_02,523.0,1.0,"Background Speaker"
20050328_fa_03,486.0,1.0,"Background Speaker"
20130606_fa_01,1791.0,1.0,"Background Speaker"
20030605_fa_02,211.0,1.0,"Background Speaker"
20080909_fa_01,1565.0,1.0,"Terry Gross"
20080909_fa_01,586.0,1.0,"Background Speaker"
19990331_fa_01,737.0,1.0,"Background Speaker"
19990331_fa_01,726.0,1.0,"Background Speaker"
20130603_fa_01,873.0,1.0,"Background Speaker"
20030605_fa_02,203.0,1.0,"Background Speaker"
20151212_fa_01,2835.0,1.0,"Music"
20040519_fa_01,378.0,1.0,"Background Speaker"
20131003_fa_01,1897.0,1.0,"Background Speaker"
20131003_fa_01,1135.0,1.0,"Background Speaker"
19990107_fa_02,833.0,1.0,"Background Speaker"
19940707_fa_02,454.0,1.0,"Silence"
19930423_fa_01,1191.0,1.0,"Background Speaker"
20030605_fa_02,199.0,1.0,"Background Speaker"
19930423_fa_01,1032.0,1.0,"Terry Gross"
20030605_fa_02,859.0,1.0,"Not Sure"
19930423_fa_02,359.0,1.0,"Background Speaker"
19990107_fa_02,211.0,1.0,"Background Speaker"
19930423_fa_02,757.0,1.0,"Background Speaker"
20030605_fa_02,720.0,1.0,"Background Speaker"
20130603_fa_01,87.0,1.0,"Terry Gross"
19940707_fa_02,666.0,1.0,"Background Speaker"
20050328_fa_03,143.0,1.0,"Background Speaker"
20050328_fa_03,305.0,1.0,"Multiple Speakers"
20130606_fa_01,406.0,1.0,"Background Speaker"
19990331_fa_01,1374.0,1.0,"Background Speaker"
19990107_fa_01,220.0,1.0,"Background Speaker"
20080909_fa_01,1848.0,1.0,"Background Speaker"
19930423_fa_01,956.0,1.0,"Background Speaker"
20131003_fa_01,1641.0,1.0,"Terry Gross"
19930423_fa_01,1114.0,1.0,"Background Speaker"
19990107_fa_02,412.0,1.0,"Background Speaker"
20130606_fa_01,1925.0,1.0,"Terry Gross"
20030605_fa_01,390.0,1.0,"Background Speaker"
20091102_fa_01,1113.0,1.0,"Background Speaker"
20130603_fa_01,654.0,1.0,"Background Speaker"
19930423_fa_01,170.0,1.0,"Background Speaker"
20130603_fa_01,2242.0,1.0,"Background Speaker"
19940707_fa_01,1162.0,1.0,"Background Speaker"
20030605_fa_01,417.0,1.0,"Background Speaker"
19990331_fa_01,1704.0,1.0,"Terry Gross"
19940707_fa_02,137.0,1.0,"Background Speaker"
20151212_fa_01,535.0,1.0,"Background Speaker"
20100226_fa_02,600.0,1.0,"Background Speaker"
20050328_fa_03,283.0,1.0,"Background Speaker"
20100226_fa_02,401.0,1.0,"Background Speaker"
19990107_fa_01,2.0,1.0,"Background Speaker"
20130603_fa_01,1675.0,1.0,"Background Speaker"
19990107_fa_02,857.0,1.0,"Background Speaker"
20030605_fa_01,170.0,1.0,"Background Speaker"
20050328_fa_03,289.0,1.0,"Terry Gross"
20131003_fa_01,2331.0,1.0,"Terry Gross"
19990331_fa_01,1299.0,1.0,"Background Speaker"
20091102_fa_01,1682.0,1.0,"Background Speaker"
20080909_fa_01,1061.0,1.0,"Background Speaker"
19940707_fa_01,1216.0,1.0,"Background Speaker"
20091102_fa_01,1648.0,1.0,"Background Speaker"
20040519_fa_01,1477.0,1.0,"Music"
19990107_fa_01,986.0,1.0,"Background Speaker"
20130603_fa_01,278.0,1.0,"Background Speaker"
20050328_fa_02,250.0,1.0,"Background Speaker"
19940707_fa_02,724.0,1.0,"Background Speaker"
19940707_fa_01,698.0,1.0,"Background Speaker"
19990107_fa_01,1047.0,1.0,"Background Speaker"
19940707_fa_02,179.0,1.0,"Background Speaker"
19990107_fa_01,545.0,1.0,"Background Speaker"
20030605_fa_02,771.0,1.0,"Terry Gross"
20050328_fa_03,335.0,1.0,"Background Speaker"
20100226_fa_02,171.0,1.0,"Background Speaker"
19990107_fa_01,614.0,1.0,"Background Speaker"
19990107_fa_02,187.0,1.0,"Background Speaker"
20091102_fa_01,1519.0,1.0,"Background Speaker"
20100226_fa_01,193.0,1.0,"Background Speaker"
19930423_fa_02,723.0,1.0,"Terry Gross"
20040519_fa_01,2341.0,1.0,"Background Speaker"
19990331_fa_01,2067.0,1.0,"Background Speaker"
20091102_fa_01,1032.0,1.0,"Background Speaker"
20100226_fa_02,566.0,1.0,"Background Speaker"
20100226_fa_02,794.0,1.0,"Music"
20130606_fa_01,1208.0,1.0,"Background Speaker"
19990331_fa_01,1008.0,1.0,"Terry Gross"
20050328_fa_02,191.0,1.0,"Background Speaker"
20040519_fa_01,1830.0,1.0,"Background Speaker"
19940707_fa_01,697.0,1.0,"Background Speaker"
19940707_fa_02,782.0,1.0,"Terry Gross"
20080909_fa_01,117.0,1.0,"Background Speaker"
20091102_fa_01,791.0,1.0,"Background Speaker"
19940707_fa_01,1283.0,1.0,"Background Speaker"
20131003_fa_01,1770.0,1.0,"Terry Gross"
19940707_fa_02,364.0,1.0,"Terry Gross"
20080909_fa_01,2181.0,1.0,"Background Speaker"
20030605_fa_02,641.0,1.0,"Background Speaker"
19990331_fa_01,566.0,1.0,"Background Speaker"
19930423_fa_02,689.0,1.0,"Background Speaker"
20130603_fa_01,2102.0,1.0,"Background Speaker"
19940707_fa_01,465.0,1.0,"Background Speaker"
20100226_fa_01,698.0,1.0,"Background Speaker"
19930423_fa_01,370.0,1.0,"Background Speaker"
20050328_fa_02,426.0,1.0,"Terry Gross"
19930423_fa_02,433.0,1.0,"Silence"
19990331_fa_01,329.0,1.0,"Background Speaker"
20131003_fa_01,570.0,1.0,"Terry Gross"
20091102_fa_01,505.0,1.0,"Background Speaker"
20050328_fa_03,249.0,1.0,"Terry Gross"
19990331_fa_01,800.0,1.0,"Background Speaker"
20151212_fa_01,2284.0,1.0,"Terry Gross"
20040519_fa_01,844.0,1.0,"Background Speaker"
19930423_fa_02,635.0,1.0,"Background Speaker"
20100226_fa_02,708.0,1.0,"Background Speaker"
20130606_fa_01,669.0,1.0,"Background Speaker"
20091102_fa_01,543.0,1.0,"Terry Gross"
19990107_fa_02,190.0,1.0,"Background Speaker"
20100226_fa_02,609.0,1.0,"Background Speaker"
19930423_fa_01,414.0,1.0,"Background Speaker"
19940707_fa_02,442.0,1.0,"Background Speaker"
20040519_fa_01,2537.0,1.0,"Background Speaker"
20050328_fa_03,5.0,1.0,"Background Speaker"
19940707_fa_01,293.0,1.0,"Background Speaker"
20050328_fa_03,526.0,1.0,"Background Speaker"
20100226_fa_02,470.0,1.0,"Terry Gross"
20030605_fa_01,1672.0,1.0,"Terry Gross"
20131003_fa_01,2645.0,1.0,"Terry Gross"
20151212_fa_01,2491.0,1.0,"Not Sure"
20050328_fa_03,390.0,1.0,"Background Speaker"
19990107_fa_02,847.0,1.0,"Background Speaker"
19930423_fa_02,305.0,1.0,"Background Speaker"
19940707_fa_01,1169.0,1.0,"Background Speaker"
20080909_fa_01,1806.0,1.0,"Background Speaker"
19990107_fa_02,1081.0,1.0,"Background Speaker"
20050328_fa_03,186.0,1.0,"Background Speaker"
20040519_fa_01,935.0,1.0,"Background Speaker"
20151212_fa_01,1891.0,1.0,"Background Speaker"
20130606_fa_01,1313.0,1.0,"Background Speaker"
19930423_fa_01,775.0,1.0,"Terry Gross"
20130603_fa_01,62.0,1.0,"Terry Gross"
20030605_fa_02,853.0,1.0,"Background Speaker"
20050328_fa_03,506.0,1.0,"Multiple Speakers"
19930423_fa_01,70.0,1.0,"Background Speaker"
20131003_fa_01,828.0,1.0,"Terry Gross"
20080909_fa_01,1439.0,1.0,"Background Speaker"
19940707_fa_02,787.0,1.0,"Terry Gross"
19930423_fa_01,226.0,1.0,"Background Speaker"
20030605_fa_02,770.0,1.0,"Terry Gross"
20100226_fa_02,66.0,1.0,"Music"
19940707_fa_01,108.0,1.0,"Background Speaker"
19940707_fa_02,14.0,1.0,"Terry Gross"
20130603_fa_01,314.0,1.0,"Terry Gross"
20130606_fa_01,1021.0,1.0,"Terry Gross"
19940707_fa_01,628.0,1.0,"Background Speaker"
19990107_fa_02,1107.0,1.0,"Background Speaker"
20100226_fa_02,414.0,1.0,"Background Speaker"
20091102_fa_01,14.0,1.0,"Terry Gross"
20100226_fa_02,66.0,1.0,"Music"
19930423_fa_02,235.0,1.0,"Background Speaker"
19990107_fa_01,1195.0,1.0,"Background Speaker"
19990107_fa_01,18.0,1.0,"Background Speaker"
20091102_fa_01,1761.0,1.0,"Background Speaker"
20131003_fa_01,1914.0,1.0,"Background Speaker"
19930423_fa_02,406.0,1.0,"Background Speaker"
19930423_fa_02,168.0,1.0,"Terry Gross"
19940707_fa_02,369.0,1.0,"Background Speaker"
19990331_fa_01,990.0,1.0,"Background Speaker"
20091102_fa_01,1286.0,1.0,"Background Speaker"
20100226_fa_01,93.0,1.0,"Music"
20130603_fa_01,2019.0,1.0,"Background Speaker"
20130603_fa_01,288.0,1.0,"Background Speaker"
19940707_fa_02,253.0,1.0,"Background Speaker"
20050328_fa_03,210.0,1.0,"Background Speaker"
20030605_fa_01,11.0,1.0,"Terry Gross"
20050328_fa_02,39.0,1.0,"Terry Gross"
20100226_fa_01,936.0,1.0,"Background Speaker"
20131003_fa_01,243.0,1.0,"Terry Gross"
20130606_fa_01,733.0,1.0,"Background Speaker"
20091102_fa_01,1214.0,1.0,"Background Speaker"
20040519_fa_01,1533.0,1.0,"Music"
19990331_fa_01,1087.0,1.0,"Background Speaker"
19990107_fa_02,879.0,1.0,"Background Speaker"
19940707_fa_01,1124.0,1.0,"Background Speaker"
20100226_fa_01,497.0,1.0,"Terry Gross"
20080909_fa_01,1685.0,1.0,"Background Speaker"
20130606_fa_01,1563.0,1.0,"Background Speaker"
20091102_fa_01,1434.0,1.0,"Background Speaker"
20130606_fa_01,702.0,1.0,"Background Speaker"
19930423_fa_02,182.0,1.0,"Background Speaker"
19990107_fa_02,620.0,1.0,"Background Speaker"
20091102_fa_01,348.0,1.0,"Background Speaker"
20151212_fa_01,1966.0,1.0,"Background Speaker"
19940707_fa_01,1003.0,1.0,"Background Speaker"
19990331_fa_01,2240.0,1.0,"Background Speaker"
20130603_fa_01,1662.0,1.0,"Terry Gross"
19990331_fa_01,1263.0,1.0,"Background Speaker"
19940707_fa_02,834.0,1.0,"Background Speaker"
20131003_fa_01,569.0,1.0,"Background Speaker"
19930423_fa_01,1268.0,1.0,"Terry Gross"
20050328_fa_03,299.0,1.0,"Not Sure"
19990331_fa_01,1109.0,1.0,"Background Speaker"
20131003_fa_01,2615.0,1.0,"Terry Gross"
20100226_fa_02,131.0,1.0,"Background Speaker"
20050328_fa_02,228.0,1.0,"Background Speaker"
19930423_fa_02,708.0,1.0,"Background Speaker"
20050328_fa_03,397.0,1.0,"Background Speaker"
20030605_fa_01,1406.0,1.0,"Background Speaker"
20050328_fa_03,417.0,1.0,"Background Speaker"
20050328_fa_03,5.0,1.0,"Background Speaker"
20050328_fa_03,418.0,1.0,"Background Speaker"
20040519_fa_01,2776.0,1.0,"Music"
19990331_fa_01,1247.0,1.0,"Background Speaker"
19940707_fa_02,449.0,1.0,"Background Speaker"
20100226_fa_02,168.0,1.0,"Background Speaker"
19990107_fa_02,1003.0,1.0,"Background Speaker"
20131003_fa_01,2303.0,1.0,"Multiple Speakers"
20131003_fa_01,1115.0,1.0,"Background Speaker"
20040519_fa_01,2903.0,1.0,"Terry Gross"
19930423_fa_02,672.0,1.0,"Background Speaker"
20050328_fa_02,454.0,1.0,"Background Speaker"
20050328_fa_03,39.0,1.0,"Background Speaker"
19990331_fa_01,2270.0,1.0,"Terry Gross"
19930423_fa_01,760.0,1.0,"Background Speaker"
20080909_fa_01,1731.0,1.0,"Terry Gross"
20130603_fa_01,2343.0,1.0,"Background Speaker"
19930423_fa_01,830.0,1.0,"Background Speaker"
20040519_fa_01,1384.0,1.0,"Background Speaker"
19930423_fa_01,66.0,1.0,"Background Speaker"
20030605_fa_02,290.0,1.0,"Background Speaker"
19930423_fa_01,700.0,1.0,"Background Speaker"
20040519_fa_01,125.0,1.0,"Terry Gross"
19990107_fa_02,457.0,1.0,"Background Speaker"
19940707_fa_01,1195.0,1.0,"Background Speaker"
20030605_fa_02,867.0,1.0,"Background Speaker"
20030605_fa_01,351.0,1.0,"Terry Gross"
19990331_fa_01,1186.0,1.0,"Background Speaker"
20050328_fa_02,131.0,1.0,"Terry Gross"
20091102_fa_01,291.0,1.0,"Terry Gross"
19930423_fa_02,700.0,1.0,"Background Speaker"
19990107_fa_02,317.0,1.0,"Background Speaker"
19990107_fa_02,521.0,1.0,"Background Speaker"
20131003_fa_01,1896.0,1.0,"Background Speaker"
20091102_fa_01,765.0,1.0,"Background Speaker"
20100226_fa_01,979.0,1.0,"Background Speaker"
20050328_fa_02,385.0,1.0,"Music"
20030605_fa_02,788.0,1.0,"Background Speaker"
20100226_fa_02,427.0,1.0,"Background Speaker"
20030605_fa_01,1643.0,1.0,"Background Speaker"
20151212_fa_01,1692.0,1.0,"Music"
19940707_fa_01,608.0,1.0,"Terry Gross"
20050328_fa_03,329.0,1.0,"Terry Gross"
20091102_fa_01,1405.0,1.0,"Background Speaker"
20130606_fa_01,933.0,1.0,"Background Speaker"
19990331_fa_01,392.0,1.0,"Background Speaker"
20040519_fa_01,1683.0,1.0,"Background Speaker"
20080909_fa_01,2154.0,1.0,"Background Speaker"
20130606_fa_01,913.0,1.0,"Background Speaker"
20100226_fa_01,99.0,1.0,"Music"
20151212_fa_01,1743.0,1.0,"Background Speaker"
20151212_fa_01,2731.0,1.0,"Background Speaker"
20100226_fa_01,1063.0,1.0,"Background Speaker"
20100226_fa_01,183.0,1.0,"Background Speaker"
20050328_fa_03,130.0,1.0,"Background Speaker"
20030605_fa_02,213.0,1.0,"Background Speaker"
19990331_fa_01,1211.0,1.0,"Background Speaker"
20040519_fa_01,2123.0,1.0,"Music"
19930423_fa_01,602.0,1.0,"Background Speaker"
20151212_fa_01,133.0,1.0,"Multiple Speakers"
20040519_fa_01,2665.0,1.0,"Music"
19990107_fa_02,383.0,1.0,"Background Speaker"
19990331_fa_01,679.0,1.0,"Background Speaker"
20151212_fa_01,2381.0,1.0,"Background Speaker"
20050328_fa_03,170.0,1.0,"Background Speaker"
20030605_fa_02,155.0,1.0,"Terry Gross"
20050328_fa_02,153.0,1.0,"Terry Gross"
20050328_fa_03,196.0,1.0,"Background Speaker"
19930423_fa_01,655.0,1.0,"Background Speaker"
20050328_fa_02,452.0,1.0,"Background Speaker"
19940707_fa_02,78.0,1.0,"Background Speaker"
20080909_fa_01,288.0,1.0,"Background Speaker"
20130606_fa_01,939.0,1.0,"Terry Gross"
20130603_fa_01,2030.0,1.0,"Background Speaker"
20151212_fa_01,42.0,1.0,"Background Speaker"
20050328_fa_03,171.0,1.0,"Background Speaker"
20130606_fa_01,905.0,1.0,"Background Speaker"
19990107_fa_01,755.0,1.0,"Background Speaker"
20130603_fa_01,820.0,1.0,"Background Speaker"
20100226_fa_01,143.0,1.0,"Terry Gross"
19940707_fa_02,263.0,1.0,"Background Speaker"
20030605_fa_02,880.0,1.0,"Background Speaker"
19940707_fa_02,513.0,1.0,"Background Speaker"
19930423_fa_02,600.0,1.0,"Background Speaker"
20130603_fa_01,389.0,1.0,"Background Speaker"
19990331_fa_01,1685.0,1.0,"Background Speaker"
19940707_fa_01,1169.0,1.0,"Background Speaker"
20131003_fa_01,134.0,1.0,"Silence"
20040519_fa_01,1540.0,1.0,"Music"
19990331_fa_01,1765.0,1.0,"Background Speaker"
19990107_fa_01,1106.0,1.0,"Background Speaker"
19990107_fa_02,528.0,1.0,"Background Speaker"
20091102_fa_01,1734.0,1.0,"Background Speaker"
20151212_fa_01,2665.0,1.0,"Terry Gross"
20130606_fa_01,1167.0,1.0,"Terry Gross"
19930423_fa_01,146.0,1.0,"Background Speaker"
20091102_fa_01,1410.0,1.0,"Background Speaker"
20130603_fa_01,1441.0,1.0,"Background Speaker"
20130603_fa_01,2365.0,1.0,"Background Speaker"
20050328_fa_03,97.0,1.0,"Background Speaker"
19990331_fa_01,2238.0,1.0,"Background Speaker"
20030605_fa_02,261.0,1.0,"Background Speaker"
20030605_fa_01,137.0,1.0,"Background Speaker"
20100226_fa_01,1484.0,1.0,"Background Speaker"
20030605_fa_01,135.0,1.0,"Background Speaker"
20050328_fa_02,232.0,1.0,"Background Speaker"
20030605_fa_01,1396.0,1.0,"Background Speaker"
20151212_fa_01,1186.0,1.0,"Terry Gross"
19990107_fa_02,304.0,1.0,"Background Speaker"
20080909_fa_01,951.0,1.0,"Terry Gross"
20091102_fa_01,199.0,1.0,"Terry Gross"
20100226_fa_01,936.0,1.0,"Background Speaker"
20080909_fa_01,788.0,1.0,"Background Speaker"
19930423_fa_01,636.0,1.0,"Background Speaker"
19930423_fa_02,67.0,1.0,"Background Speaker"
20091102_fa_01,1561.0,1.0,"Background Speaker"
19990331_fa_01,1856.0,1.0,"Terry Gross"
19930423_fa_01,103.0,1.0,"Background Speaker"
20050328_fa_02,86.0,1.0,"Background Speaker"
20100226_fa_01,41.0,1.0,"Terry Gross"
20040519_fa_01,1530.0,1.0,"Music"
19930423_fa_01,1073.0,1.0,"Terry Gross"
20030605_fa_02,707.0,1.0,"Background Speaker"
19930423_fa_01,62.0,1.0,"Terry Gross"
19930423_fa_02,745.0,1.0,"Background Speaker"
19990331_fa_01,1574.0,1.0,"Background Speaker"
20030605_fa_01,882.0,1.0,"Background Speaker"
19930423_fa_02,26.0,1.0,"Terry Gross"
19940707_fa_02,330.0,1.0,"Background Speaker"
19930423_fa_02,651.0,1.0,"Terry Gross"
19940707_fa_01,358.0,1.0,"Background Speaker"
19930423_fa_02,104.0,1.0,"Background Speaker"
19990331_fa_01,1886.0,1.0,"Background Speaker"
19930423_fa_01,1124.0,1.0,"Background Speaker"
20100226_fa_02,703.0,1.0,"Background Speaker"
20050328_fa_02,488.0,1.0,"Background Speaker"
20151212_fa_01,829.0,1.0,"Terry Gross"
19940707_fa_02,811.0,1.0,"Background Speaker"
20030605_fa_02,581.0,1.0,"Terry Gross"
20080909_fa_01,1009.0,1.0,"Background Speaker"
20030605_fa_02,332.0,1.0,"Background Speaker"
20030605_fa_01,725.0,1.0,"Background Speaker"
20091102_fa_01,77.0,1.0,"Background Speaker"
20080909_fa_01,661.0,1.0,"Background Speaker"
20130603_fa_01,2522.0,1.0,"Terry Gross"
20100226_fa_02,525.0,1.0,"Background Speaker"
20130606_fa_01,116.0,1.0,"Background Speaker"
19990107_fa_02,1075.0,1.0,"Background Speaker"
20040519_fa_01,1596.0,1.0,"Music"
20130603_fa_01,1527.0,1.0,"Background Speaker"
20091102_fa_01,810.0,1.0,"Background Speaker"
20130603_fa_01,1516.0,1.0,"Background Speaker"
19990331_fa_01,1787.0,1.0,"Background Speaker"
20030605_fa_02,-2.0,1.0,"Not Sure"
19990331_fa_01,2125.0,1.0,"Background Speaker"
20040519_fa_01,1995.0,1.0,"Silence"
20050328_fa_02,431.0,1.0,"Background Speaker"
19930423_fa_01,817.0,1.0,"Background Speaker"
20050328_fa_02,360.0,1.0,"Music"
19990107_fa_02,726.0,1.0,"Background Speaker"
20151212_fa_01,2088.0,1.0,"Background Speaker"
20130603_fa_01,2219.0,1.0,"Terry Gross"
20091102_fa_01,207.0,1.0,"Background Speaker"
20100226_fa_01,1280.0,1.0,"Terry Gross"
19940707_fa_02,569.0,1.0,"Background Speaker"
20130603_fa_01,777.0,1.0,"Background Speaker"
20100226_fa_02,222.0,1.0,"Terry Gross"
19940707_fa_01,959.0,1.0,"Background Speaker"
20030605_fa_02,534.0,1.0,"Background Speaker"
20030605_fa_02,581.0,1.0,"Terry Gross"
20100226_fa_01,1444.0,1.0,"Background Speaker"
19990107_fa_01,1109.0,1.0,"Background Speaker"
20050328_fa_03,503.0,1.0,"Background Speaker"
20131003_fa_01,1146.0,1.0,"Background Speaker"
20030605_fa_02,626.0,1.0,"Background Speaker"
20130606_fa_01,1800.0,1.0,"Background Speaker"
20100226_fa_01,35.0,1.0,"Terry Gross"
19930423_fa_01,743.0,1.0,"Background Speaker"
19940707_fa_02,723.0,1.0,"Background Speaker"
20030605_fa_02,560.0,1.0,"Background Speaker"
20040519_fa_01,2079.0,1.0,"Music"
19990107_fa_01,896.0,1.0,"Silence"
20131003_fa_01,1050.0,1.0,"Background Speaker"
20030605_fa_02,884.0,1.0,"Background Speaker"
20030605_fa_01,1667.0,1.0,"Terry Gross"
20151212_fa_01,1531.0,1.0,"Background Speaker"
19990107_fa_02,458.0,1.0,"Background Speaker"
19990107_fa_01,1087.0,1.0,"Silence"
19940707_fa_01,946.0,1.0,"Background Speaker"
20091102_fa_01,933.0,1.0,"Background Speaker"
19930423_fa_01,1037.0,1.0,"Background Speaker"
19990331_fa_01,968.0,1.0,"Background Speaker"
20130606_fa_01,705.0,1.0,"Background Speaker"
20080909_fa_01,1411.0,1.0,"Terry Gross"
19930423_fa_02,318.0,1.0,"Background Speaker"
20091102_fa_01,1657.0,1.0,"Background Speaker"
20130606_fa_01,373.0,1.0,"Background Speaker"
20130603_fa_01,607.0,1.0,"Terry Gross"
20100226_fa_01,1493.0,1.0,"Background Speaker"
20151212_fa_01,1236.0,1.0,"Terry Gross"
20100226_fa_02,778.0,1.0,"Music"
20080909_fa_01,2075.0,1.0,"Terry Gross"
19990107_fa_02,568.0,1.0,"Background Speaker"
19930423_fa_02,324.0,1.0,"Background Speaker"
19940707_fa_01,1102.0,1.0,"Background Speaker"
20050328_fa_02,324.0,1.0,"Background Speaker"
19940707_fa_01,907.0,1.0,"Background Speaker"
20151212_fa_01,511.0,1.0,"Background Speaker"
19990331_fa_01,2013.0,1.0,"Background Speaker"
19930423_fa_01,1243.0,1.0,"Background Speaker"
20030605_fa_02,117.0,1.0,"Background Speaker"
20131003_fa_01,898.0,1.0,"Background Speaker"
20130606_fa_01,664.0,1.0,"Background Speaker"
19930423_fa_01,513.0,1.0,"Background Speaker"
20091102_fa_01,676.0,1.0,"Background Speaker"
20131003_fa_01,2279.0,1.0,"Background Speaker"
19990107_fa_02,755.0,1.0,"Background Speaker"
20100226_fa_01,102.0,1.0,"Music"
20130606_fa_01,977.0,1.0,"Background Speaker"
19930423_fa_01,8.0,1.0,"Terry Gross"
20030605_fa_01,626.0,1.0,"Terry Gross"
20030605_fa_02,601.0,1.0,"Background Speaker"
20080909_fa_01,1528.0,1.0,"Background Speaker"
20040519_fa_01,876.0,1.0,"Music"
19990107_fa_02,761.0,1.0,"Background Speaker"
20091102_fa_01,312.0,1.0,"Background Speaker"
20130603_fa_01,905.0,1.0,"Background Speaker"
19990107_fa_02,1156.0,1.0,"Not Sure"
19940707_fa_02,859.0,1.0,"Background Speaker"
20131003_fa_01,1769.0,1.0,"Terry Gross"
19940707_fa_01,64.0,1.0,"Terry Gross"
20100226_fa_02,365.0,1.0,"Multiple Speakers"
19930423_fa_01,301.0,1.0,"Background Speaker"
20130603_fa_01,938.0,1.0,"Background Speaker"
19940707_fa_01,668.0,1.0,"Not Sure"
20100226_fa_02,489.0,1.0,"Terry Gross"
19930423_fa_02,449.0,1.0,"Background Speaker"
19990107_fa_02,365.0,1.0,"Background Speaker"
19940707_fa_02,310.0,1.0,"Background Speaker"
19940707_fa_02,367.0,1.0,"Silence"
20131003_fa_01,903.0,1.0,"Background Speaker"
20030605_fa_01,12.0,1.0,"Terry Gross"
19990107_fa_01,363.0,1.0,"Background Speaker"
19940707_fa_02,341.0,1.0,"Not Sure"
20040519_fa_01,2174.0,1.0,"Background Speaker"
20050328_fa_02,233.0,1.0,"Background Speaker"
19990107_fa_02,396.0,1.0,"Background Speaker"
20130603_fa_01,2000.0,1.0,"Background Speaker"
20050328_fa_02,352.0,1.0,"Music"
20151212_fa_01,363.0,1.0,"Background Speaker"
20030605_fa_02,282.0,1.0,"Background Speaker"
19990107_fa_02,188.0,1.0,"Background Speaker"
19940707_fa_01,1108.0,1.0,"Background Speaker"
19940707_fa_02,849.0,1.0,"Silence"
20040519_fa_01,2948.0,1.0,"Music"
20130606_fa_01,1724.0,1.0,"Terry Gross"
19930423_fa_02,170.0,1.0,"Terry Gross"
20050328_fa_02,279.0,1.0,"Terry Gross"
19940707_fa_02,278.0,1.0,"Terry Gross"
19990331_fa_01,1227.0,1.0,"Terry Gross"
19940707_fa_01,705.0,1.0,"Background Speaker"
20091102_fa_01,863.0,1.0,"Background Speaker"
20050328_fa_02,197.0,1.0,"Background Speaker"
20080909_fa_01,608.0,1.0,"Background Speaker"
19990331_fa_01,34.0,1.0,"Terry Gross"
20030605_fa_01,733.0,1.0,"Background Speaker"
19990107_fa_02,533.0,1.0,"Background Speaker"
19940707_fa_02,109.0,1.0,"Background Speaker"
20050328_fa_03,26.0,1.0,"Terry Gross"
20050328_fa_02,134.0,1.0,"Background Speaker"
20130606_fa_01,1275.0,1.0,"Background Speaker"
20091102_fa_01,1706.0,1.0,"Background Speaker"
20100226_fa_02,838.0,1.0,"Music"
20130606_fa_01,1950.0,1.0,"Background Speaker"
20080909_fa_01,1797.0,1.0,"Background Speaker"
20030605_fa_01,268.0,1.0,"Background Speaker"
20080909_fa_01,817.0,1.0,"Background Speaker"
20151212_fa_01,170.0,1.0,"Background Speaker"
20100226_fa_01,1425.0,1.0,"Background Speaker"
20050328_fa_03,526.0,1.0,"Background Speaker"
20130606_fa_01,919.0,1.0,"Background Speaker"
20100226_fa_02,237.0,1.0,"Background Speaker"
19930423_fa_02,28.0,1.0,"Terry Gross"
19940707_fa_02,70.0,1.0,"Background Speaker"
19990331_fa_01,2337.0,1.0,"Background Speaker"
19930423_fa_01,652.0,1.0,"Background Speaker"
19930423_fa_02,777.0,1.0,"Background Speaker"
19930423_fa_01,446.0,1.0,"Background Speaker"
19990107_fa_02,709.0,1.0,"Background Speaker"
19990107_fa_02,461.0,1.0,"Background Speaker"
19940707_fa_02,817.0,1.0,"Background Speaker"
20050328_fa_02,244.0,1.0,"Background Speaker"
20130603_fa_01,964.0,1.0,"Background Speaker"
20030605_fa_02,594.0,1.0,"Background Speaker"
19940707_fa_01,633.0,1.0,"Background Speaker"
20040519_fa_01,1595.0,1.0,"Music"
19930423_fa_01,923.0,1.0,"Background Speaker"
20151212_fa_01,1899.0,1.0,"Background Speaker"
20030605_fa_02,-5.0,1.0,"Not Sure"
20131003_fa_01,73.0,1.0,"Terry Gross"
20050328_fa_02,434.0,1.0,"Background Speaker"
19990331_fa_01,1110.0,1.0,"Background Speaker"
19940707_fa_01,726.0,1.0,"Background Speaker"
19930423_fa_01,791.0,1.0,"Terry Gross"
20100226_fa_01,840.0,1.0,"Music"
20100226_fa_01,1215.0,1.0,"Music"
20131003_fa_01,1017.0,1.0,"Background Speaker"
20050328_fa_03,31.0,1.0,"Background Speaker"
20030605_fa_01,1305.0,1.0,"Background Speaker"
20050328_fa_02,27.0,1.0,"Background Speaker"
20100226_fa_02,664.0,1.0,"Terry Gross"
19990107_fa_02,38.0,1.0,"Background Speaker"
19930423_fa_02,620.0,1.0,"Terry Gross"
20040519_fa_01,1513.0,1.0,"Music"
20050328_fa_03,63.0,1.0,"Background Speaker"
19930423_fa_01,332.0,1.0,"Background Speaker"
19990331_fa_01,67.0,1.0,"Terry Gross"
20080909_fa_01,2265.0,1.0,"Background Speaker"
20100226_fa_02,657.0,1.0,"Terry Gross"
20131003_fa_01,1370.0,1.0,"Terry Gross"
19940707_fa_02,385.0,1.0,"Terry Gross"
19940707_fa_01,824.0,1.0,"Background Speaker"
19940707_fa_01,348.0,1.0,"Background Speaker"
19990107_fa_01,868.0,1.0,"Background Speaker"
19940707_fa_02,497.0,1.0,"Silence"
20030605_fa_02,540.0,1.0,"Background Speaker"
20080909_fa_01,1393.0,1.0,"Background Speaker"
19990331_fa_01,243.0,1.0,"Background Speaker"
20030605_fa_02,573.0,1.0,"Terry Gross"
19930423_fa_01,1172.0,1.0,"Terry Gross"
19930423_fa_02,126.0,1.0,"Background Speaker"
20130603_fa_01,1632.0,1.0,"Terry Gross"
20040519_fa_01,858.0,1.0,"Music"
20050328_fa_02,95.0,1.0,"Background Speaker"
20100226_fa_02,763.0,1.0,"Music"
20100226_fa_01,1010.0,1.0,"Background Speaker"
20040519_fa_01,2154.0,1.0,"Terry Gross"
20040519_fa_01,2956.0,1.0,"Music"
20040519_fa_01,954.0,1.0,"Background Speaker"
20100226_fa_02,698.0,1.0,"Background Speaker"
20131003_fa_01,1733.0,1.0,"Background Speaker"
20091102_fa_01,1404.0,1.0,"Background Speaker"
20050328_fa_02,502.0,1.0,"Background Speaker"
19990107_fa_01,819.0,1.0,"Background Speaker"
19940707_fa_01,871.0,1.0,"Background Speaker"
20050328_fa_02,55.0,1.0,"Background Speaker"
19990107_fa_01,1284.0,1.0,"Background Speaker"
19940707_fa_02,263.0,1.0,"Background Speaker"
19990107_fa_02,98.0,1.0,"Not Sure"
19930423_fa_01,217.0,1.0,"Background Speaker"
20080909_fa_01,2171.0,1.0,"Background Speaker"
20040519_fa_01,2432.0,1.0,"Music"
19990107_fa_02,682.0,1.0,"Background Speaker"
20091102_fa_01,1784.0,1.0,"Background Speaker"
20151212_fa_01,71.0,1.0,"Background Speaker"
20151212_fa_01,664.0,1.0,"Background Speaker"
20040519_fa_01,2861.0,1.0,"Music"
20100226_fa_01,1021.0,1.0,"Background Speaker"
20151212_fa_01,437.0,1.0,"Multiple Speakers"
19930423_fa_01,1282.0,1.0,"Background Speaker"
20100226_fa_02,533.0,1.0,"Background Speaker"
20151212_fa_01,228.0,1.0,"Multiple Speakers"
19990107_fa_02,278.0,1.0,"Background Speaker"
20100226_fa_01,1191.0,1.0,"Music"
20100226_fa_02,820.0,1.0,"Music"
20091102_fa_01,1475.0,1.0,"Terry Gross"
19930423_fa_01,1274.0,1.0,"Terry Gross"
20100226_fa_01,278.0,1.0,"Background Speaker"
20100226_fa_02,53.0,1.0,"Music"
19940707_fa_01,1047.0,1.0,"Background Speaker"
19990107_fa_02,927.0,1.0,"Background Speaker"
20130603_fa_01,1423.0,1.0,"Terry Gross"
20100226_fa_02,71.0,1.0,"Music"
19930423_fa_02,340.0,1.0,"Background Speaker"
20130606_fa_01,643.0,1.0,"Background Speaker"
20100226_fa_01,273.0,1.0,"Background Speaker"
20040519_fa_01,1054.0,1.0,"Music"
19940707_fa_01,882.0,1.0,"Background Speaker"
20130603_fa_01,1416.0,1.0,"Background Speaker"
20030605_fa_01,244.0,1.0,"Background Speaker"
19990107_fa_01,817.0,1.0,"Background Speaker"
20130603_fa_01,472.0,1.0,"Background Speaker"
20030605_fa_01,503.0,1.0,"Background Speaker"
20030605_fa_02,140.0,1.0,"Background Speaker"
20100226_fa_02,452.0,1.0,"Background Speaker"
19990107_fa_02,784.0,1.0,"Background Speaker"
19940707_fa_02,443.0,1.0,"Background Speaker"
19990107_fa_02,213.0,1.0,"Background Speaker"
20100226_fa_02,753.0,1.0,"Terry Gross"
20100226_fa_01,251.0,1.0,"Terry Gross"
19930423_fa_01,454.0,1.0,"Background Speaker"
19990107_fa_01,957.0,1.0,"Background Speaker"
19930423_fa_01,1285.0,1.0,"Background Speaker"
19990107_fa_02,1155.0,1.0,"Background Speaker"
20100226_fa_01,253.0,1.0,"Terry Gross"
20080909_fa_01,2042.0,1.0,"Background Speaker"
20151212_fa_01,340.0,1.0,"Background Speaker"
20131003_fa_01,1442.0,1.0,"Background Speaker"
20151212_fa_01,424.0,1.0,"Background Speaker"
20100226_fa_01,884.0,1.0,"Music"
20151212_fa_01,1730.0,1.0,"Background Speaker"
20130606_fa_01,1267.0,1.0,"Background Speaker"
20091102_fa_01,199.0,1.0,"Terry Gross"
20131003_fa_01,1280.0,1.0,"Background Speaker"
19990107_fa_02,680.0,1.0,"Background Speaker"
20030605_fa_01,35.0,1.0,"Terry Gross"
20151212_fa_01,2577.0,1.0,"Background Speaker"
20151212_fa_01,52.0,1.0,"Background Speaker"
19940707_fa_02,641.0,1.0,"Background Speaker"
19990107_fa_01,872.0,1.0,"Background Speaker"
20040519_fa_01,1933.0,1.0,"Background Speaker"
20030605_fa_01,746.0,1.0,"Background Speaker"
19930423_fa_02,35.0,1.0,"Terry Gross"
20040519_fa_01,1593.0,1.0,"Music"
20080909_fa_01,835.0,1.0,"Background Speaker"
19930423_fa_01,468.0,1.0,"Background Speaker"
20080909_fa_01,1659.0,1.0,"Background Speaker"
20080909_fa_01,1527.0,1.0,"Background Speaker"
20050328_fa_02,461.0,1.0,"Background Speaker"
20130603_fa_01,46.0,1.0,"Terry Gross"
20080909_fa_01,36.0,1.0,"Terry Gross"
